{
  "model_name": "gemma-2-9b-it",
  "add_layer": 24,
  "alpha": 106.5625,
  "weights_file": "gemma-2-9b-it_20260515_010546_weights.pt",
  "metadata": {
    "add_layer": 24,
    "alpha": 106.5625,
    "cone_dim": 1,
    "training": {
      "lr": 0.01,
      "batch_size": 1,
      "effective_batch_size": 16,
      "epochs": 1,
      "patience": 5,
      "n_lr_reduce": 2,
      "n_sample": 16,
      "weight_decay": 0.0
    },
    "loss_weights": {
      "ablation": 1.0,
      "addition": 0.2,
      "retention": 1.0
    },
    "retain_window": 30
  },
  "results": {
    "lowest_loss": 0.0,
    "did_early_stop": true
  },
  "history_metrics": {
    "abl_loss": [
      0.0,
      0.0,
      0.0,
      0.0,
      0.0,
      0.0,
      0.0,
      0.0,
      0.0,
      0.0,
      0.0,
      0.0,
      0.0,
      0.0,
      0.0,
      0.0
    ],
    "add_loss": [
      0.0,
      0.0,
      0.0,
      0.0,
      0.0,
      0.0,
      0.0,
      0.0,
      0.0,
      0.0,
      0.0,
      0.0,
      0.0,
      0.0,
      0.0,
      0.0
    ],
    "ret_loss": [
      0.0,
      0.0,
      0.0,
      0.0,
      0.0,
      0.0,
      0.0,
      0.0,
      0.0,
      0.0,
      0.0,
      0.0,
      0.0,
      0.0,
      0.0,
      0.0
    ],
    "lr_changes": [
      95,
      175
    ]
  },
  "eval": {
    "dim": {
      "asr_ablation": 0.0,
      "asr_addition": 0.7135678391959799
    },
    "dim_ood": {
      "asr_ablation": 0.04516129032258064,
      "asr_addition": 0.8365591397849462
    },
    "cone_1d": {
      "asr_ablation": 0.7738693467336684,
      "asr_addition": 0.9597989949748744
    },
    "cone_1d_ood": {
      "asr_ablation": 0.32688172043010755,
      "asr_addition": 0.9634408602150538
    }
  }
}