{
  "model_name": "qwen-2.5-7b-instruct",
  "add_layer": 18,
  "alpha": 26.609375,
  "weights_file": "qwen-2.5-7b-instruct_20260515_004324_weights.pt",
  "metadata": {
    "add_layer": 18,
    "alpha": 26.609375,
    "cone_dim": 1,
    "training": {
      "lr": 0.01,
      "batch_size": 1,
      "effective_batch_size": 16,
      "epochs": 1,
      "patience": 5,
      "n_lr_reduce": 2,
      "n_sample": 16,
      "weight_decay": 0.0
    },
    "loss_weights": {
      "ablation": 1.0,
      "addition": 0.2,
      "retention": 1.0
    },
    "retain_window": 30
  },
  "results": {
    "lowest_loss": 0.0,
    "did_early_stop": true
  },
  "history_metrics": {
    "abl_loss": [
      0.0,
      0.0,
      0.0,
      0.0,
      0.0,
      0.0,
      0.0,
      0.0,
      0.0,
      0.0,
      0.0,
      0.0,
      0.0,
      0.0,
      0.0,
      0.0
    ],
    "add_loss": [
      0.0,
      0.0,
      0.0,
      0.0,
      0.0,
      0.0,
      0.0,
      0.0,
      0.0,
      0.0,
      0.0,
      0.0,
      0.0,
      0.0,
      0.0,
      0.0
    ],
    "ret_loss": [
      0.0,
      0.0,
      0.0,
      0.0,
      0.0,
      0.0,
      0.0,
      0.0,
      0.0,
      0.0,
      0.0,
      0.0,
      0.0,
      0.0,
      0.0,
      0.0
    ],
    "lr_changes": [
      95,
      175
    ]
  },
  "eval": {
    "dim": {
      "asr_ablation": 0.0,
      "asr_addition": 0.9949748743718593
    },
    "dim_ood": {
      "asr_ablation": 0.015053763440860216,
      "asr_addition": 0.9741935483870968
    },
    "cone_1d": {
      "asr_ablation": 0.020100502512562814,
      "asr_addition": 0.9396984924623115
    },
    "cone_1d_ood": {
      "asr_ablation": 0.07956989247311828,
      "asr_addition": 0.8129032258064516
    }
  }
}