{
  "model_name": "gemma-2-2b-it",
  "cone_dim": 4,
  "add_layer": 15,
  "alpha": 84.5228271484375,
  "weights_file": "gemma-2-2b-it_d4_20260521_020018_weights.pt",
  "metadata": {
    "add_layer": 15,
    "alpha": 84.5228271484375,
    "cone_dim": 4,
    "n_sample": 4,
    "optimize_basis": true,
    "training": {
      "lr": 0.01,
      "batch_size": 1,
      "effective_batch_size": 16,
      "epochs": 1,
      "patience": 5,
      "n_lr_reduce": 2,
      "n_sample": 4,
      "weight_decay": 0.0
    },
    "loss_weights": {
      "ablation": 1.0,
      "addition": 0.2,
      "retention": 1.0
    },
    "retain_window": 30
  },
  "results": {
    "lowest_loss": 0.059335873039023795,
    "did_early_stop": false
  },
  "history_metrics": {
    "abl_loss": [
      6.0707677566066,
      3.977950488285387,
      3.27041315869792,
      2.060115409816717,
      1.7913391961374145,
      1.2671763505568379,
      0.8357376033654873,
      0.5450916639047136,
      0.3548133568074263,
      0.24281298281994168,
      0.2103704906596704,
      0.12014693783021357,
      0.09781225924666614,
      0.07279718808183588,
      0.058528694125016045,
      0.07158884760394812,
      0.0474701160527502,
      0.053760183716349275,
      0.0661651152926197,
      0.06739998962510185,
      0.03828121118706296,
      0.02021633730899719,
      0.01404604624382344,
      0.023768198546404218,
      0.019265008802416328,
      0.0063187797072718765,
      0.004157672011231489,
      0.004403174023935613,
      0.011196782340900796,
      0.016139804583469863,
      0.012492527122196478,
      0.017409918207240693,
      0.006403188354658695,
      0.008496352535363183,
      0.007929486410449077,
      0.008383583043324483,
      0.010583713522606647,
      0.006716457244574953,
      0.010978258652360517,
      0.005264731418673507,
      0.006271173938558999,
      0.005904510766947396,
      0.014413650746822299,
      0.010221731381820559,
      0.029626131736942923,
      0.0036437919769564397,
      0.010411760604317699,
      0.01331770696572418,
      0.0027046674819435346
    ],
    "add_loss": [
      6.448863914515589,
      2.4895543815032397,
      2.2580372981683468,
      2.4937564863066655,
      2.208448356730514,
      1.998240514585632,
      1.6468777426744055,
      1.549218143408325,
      1.1789262865004275,
      1.0590649246269095,
      0.6574345249473481,
      0.4739116094204121,
      0.41327989234994167,
      0.3292855800311827,
      0.2755220034771386,
      0.23217769935976662,
      0.19822975361591944,
      0.1299103098674541,
      0.11209858550685681,
      0.10338987646154862,
      0.09292595266204273,
      0.06571008587301552,
      0.06418573725328258,
      0.03728018102183572,
      0.03439946955832607,
      0.03429899077036813,
      0.027458303127762984,
      0.026893964554141725,
      0.030108817366754498,
      0.04795975993060564,
      0.02090301115996618,
      0.023743560100726313,
      0.02904730025205282,
      0.011129195526786262,
      0.011782267484688802,
      0.00766514216805092,
      0.005465907178709983,
      0.03467484641375451,
      0.004254614079894914,
      0.019469006361815033,
      0.012389180008812062,
      0.013718610382165153,
      0.03373146006067529,
      0.007462019315692459,
      0.007096840849648345,
      0.009655429805963678,
      0.005849254710084573,
      0.014814665676746941,
      0.030822663642638304
    ],
    "ret_loss": [
      0.07961723267964313,
      0.6976478112924962,
      0.3782596209990801,
      0.5938013582449727,
      0.3878890582902209,
      0.33841808907310456,
      0.3404582223156917,
      0.28005085936374635,
      0.29977612301739676,
      0.29351655653414477,
      0.25088951314900687,
      0.20238145425480014,
      0.18616030316821314,
      0.28480775952208015,
      0.21459971868899871,
      0.0678111780488515,
      0.1376014060479293,
      0.14129515310334756,
      0.2345505119900016,
      0.0705218314299631,
      0.09669627336544802,
      0.08861089838727554,
      0.08927246644970507,
      0.12656903707997635,
      0.08069590210222082,
      0.08851810595889514,
      0.10127732877998329,
      0.1370579255218995,
      0.1648326160549009,
      0.10795797121463217,
      0.08551953614388534,
      0.06325804010124406,
      0.047751331550687434,
      0.05247702850152244,
      0.0677534901465578,
      0.05828080546525416,
      0.05561276181068553,
      0.0639788223130176,
      0.044103000306768364,
      0.09276983860089064,
      0.06132441599329243,
      0.10752548715280563,
      0.08742555525699444,
      0.046177046177900784,
      0.04265242280235321,
      0.05028212926072479,
      0.04541365831741639,
      0.07186360772124241,
      0.0436871696313327
    ],
    "lr_changes": [
      703,
      783
    ]
  },
  "mc_eval": {
    "intervention_type": "ablation",
    "n_mc": 64,
    "asr_mean": 0.9996074120603016,
    "asr_std": 0.0013485838597140187,
    "asr_median": 1.0,
    "asr_min": 0.9949748743718593,
    "asr_max": 1.0,
    "asr_samples": [
      1.0,
      0.9949748743718593,
      1.0,
      1.0,
      1.0,
      1.0,
      1.0,
      0.9949748743718593,
      1.0,
      1.0,
      1.0,
      1.0,
      1.0,
      1.0,
      1.0,
      1.0,
      0.9949748743718593,
      1.0,
      1.0,
      1.0,
      1.0,
      1.0,
      1.0,
      1.0,
      1.0,
      1.0,
      0.9949748743718593,
      1.0,
      1.0,
      1.0,
      1.0,
      1.0,
      1.0,
      1.0,
      1.0,
      1.0,
      1.0,
      1.0,
      1.0,
      1.0,
      1.0,
      1.0,
      1.0,
      1.0,
      1.0,
      1.0,
      1.0,
      1.0,
      1.0,
      1.0,
      0.9949748743718593,
      1.0,
      1.0,
      1.0,
      1.0,
      1.0,
      1.0,
      1.0,
      1.0,
      1.0,
      1.0,
      1.0,
      1.0,
      1.0
    ]
  },
  "mc_eval_ood": {
    "intervention_type": "ablation",
    "n_mc": 64,
    "asr_mean": 0.9385416666666666,
    "asr_std": 0.1955244867902797,
    "asr_median": 0.9978494623655914,
    "asr_min": 0.07311827956989247,
    "asr_max": 1.0,
    "asr_samples": [
      0.9849462365591398,
      1.0,
      0.9806451612903225,
      0.9935483870967742,
      0.9935483870967742,
      0.9978494623655914,
      0.9978494623655914,
      1.0,
      1.0,
      1.0,
      0.9806451612903225,
      0.13118279569892474,
      1.0,
      1.0,
      0.9978494623655914,
      1.0,
      0.9419354838709677,
      0.9978494623655914,
      1.0,
      0.9978494623655914,
      1.0,
      1.0,
      0.9935483870967742,
      1.0,
      1.0,
      0.989247311827957,
      1.0,
      0.9956989247311828,
      0.8903225806451613,
      0.9741935483870968,
      0.9849462365591398,
      0.9978494623655914,
      0.9978494623655914,
      0.9935483870967742,
      1.0,
      0.9978494623655914,
      0.9978494623655914,
      0.9548387096774194,
      0.9978494623655914,
      0.9978494623655914,
      1.0,
      0.9720430107526882,
      0.9870967741935484,
      0.8129032258064516,
      1.0,
      0.21505376344086022,
      0.9935483870967742,
      0.9978494623655914,
      0.9763440860215054,
      1.0,
      0.9956989247311828,
      0.07311827956989247,
      1.0,
      0.9978494623655914,
      0.9978494623655914,
      1.0,
      0.9978494623655914,
      0.9290322580645162,
      0.9956989247311828,
      1.0,
      0.9978494623655914,
      0.36989247311827955,
      1.0,
      0.9978494623655914
    ]
  }
}