{
  "model_name": "gemma-2-9b-it",
  "cone_dim": 3,
  "add_layer": 24,
  "alpha": 106.5625,
  "weights_file": "gemma-2-9b-it_d3_20260527_161123_weights.pt",
  "metadata": {
    "add_layer": 24,
    "alpha": 106.5625,
    "cone_dim": 3,
    "n_sample": 4,
    "optimize_basis": true,
    "training": {
      "lr": 0.01,
      "batch_size": 8,
      "effective_batch_size": 16,
      "epochs": 1,
      "patience": 5,
      "n_lr_reduce": 2,
      "n_sample": 4,
      "weight_decay": 0.0
    },
    "loss_weights": {
      "ablation": 1.0,
      "addition": 0.2,
      "retention": 1.0
    },
    "retain_window": 30
  },
  "results": {
    "lowest_loss": 23.992362721002042,
    "did_early_stop": true
  },
  "history_metrics": {
    "abl_loss": [
      9.736027081807453,
      6.926640828450521,
      5.807467142740885,
      3.6977850596110025,
      3.281317392985026,
      1.496795336405436,
      0.5203113555908203,
      0.18764114379882812,
      0.1506225268046061,
      0.04129862785339355,
      0.031447162230809525,
      0.04155588150024414,
      0.03958958387374878,
      0.07669440905253092,
      0.02407368024190267,
      0.2062175472577413,
      0.07135187586148581,
      0.01194858302672704,
      0.044567227363586426,
      0.013776421546936033,
      0.03432599703470866,
      0.012206117312113443,
      0.0748469829559326,
      0.08293527364730835,
      0.025098641713460282,
      0.014481882254282633,
      0.007749239603678386,
      0.004735519488652547,
      0.00394982099533081,
      0.010789662599563597,
      0.025324185689290363,
      0.005607922871907551,
      0.011620223522186278,
      0.005734870831171671,
      0.015149056911468504,
      0.004501332839330037,
      0.009012182553609211,
      0.005119204521179199,
      0.01979716618855794,
      0.018781820933024086,
      0.004766345024108887,
      0.030477851629257202,
      0.01567969719568888
    ],
    "add_loss": [
      27.309244791666664,
      25.848958333333332,
      29.577473958333336,
      27.788411458333332,
      29.996744791666664,
      29.00390625,
      28.690104166666664,
      29.220703125,
      29.426432291666664,
      29.443359375,
      27.695963541666664,
      26.815104166666664,
      27.600260416666664,
      26.220703125,
      27.794270833333332,
      27.400390624999996,
      26.21223958333333,
      26.75390625,
      27.287760416666668,
      27.586588541666664,
      27.319010416666664,
      28.634114583333332,
      26.531901041666668,
      28.788411458333332,
      26.850260416666664,
      26.280598958333332,
      27.42708333333333,
      24.549479166666664,
      24.832682291666664,
      26.124348958333336,
      26.749348958333332,
      26.805989583333336,
      23.95930989583333,
      25.564453124999996,
      26.665364583333332,
      26.690755208333336,
      25.72265625,
      26.49739583333333,
      26.879557291666668,
      27.358072916666664,
      26.078776041666664,
      27.499348958333332,
      26.874999999999996
    ],
    "ret_loss": [
      0.033245927526925866,
      0.5201538999265408,
      0.360981872120025,
      1.851467481341567,
      0.5666515492124684,
      0.41108009138454504,
      1.2292343961798977,
      0.742103940312777,
      0.28343233159040704,
      0.2371082120353052,
      0.17703169483711678,
      0.18510964694384882,
      0.059932475028435274,
      0.1154573141937778,
      0.11321577129769429,
      0.0764486447045401,
      0.12792399535728274,
      0.07239634095948902,
      0.09550295552629427,
      0.09240719502865341,
      0.04367446127734824,
      0.06703880537478654,
      0.06987254598285596,
      0.06145493206881084,
      0.06998132889475811,
      0.04753404418744274,
      0.04576565739822505,
      0.04023394952727427,
      0.041412652889807895,
      0.05253986625066849,
      0.06728093661568554,
      0.03603712413858772,
      0.021432601646525648,
      0.03260462262696211,
      0.023211624410356523,
      0.030380993035256168,
      0.018063212037016736,
      0.033856273646110505,
      0.020047729807384215,
      0.024526856432674812,
      0.022360271548420376,
      0.018494543573634427,
      0.17755721556155132
    ],
    "lr_changes": [
      43,
      75
    ]
  },
  "mc_eval": {
    "intervention_type": "ablation",
    "n_mc": 32,
    "asr_mean": 1.0,
    "asr_std": 0.0,
    "asr_median": 1.0,
    "asr_min": 1.0,
    "asr_max": 1.0,
    "asr_samples": [
      1.0,
      1.0,
      1.0,
      1.0,
      1.0,
      1.0,
      1.0,
      1.0,
      1.0,
      1.0,
      1.0,
      1.0,
      1.0,
      1.0,
      1.0,
      1.0,
      1.0,
      1.0,
      1.0,
      1.0,
      1.0,
      1.0,
      1.0,
      1.0,
      1.0,
      1.0,
      1.0,
      1.0,
      1.0,
      1.0,
      1.0,
      1.0
    ]
  },
  "mc_eval_ood": {
    "intervention_type": "ablation",
    "n_mc": 32,
    "asr_mean": 0.9795698924731183,
    "asr_std": 0.06055968963582246,
    "asr_median": 1.0,
    "asr_min": 0.6709677419354839,
    "asr_max": 1.0,
    "asr_samples": [
      1.0,
      1.0,
      1.0,
      0.9010752688172043,
      0.9806451612903225,
      1.0,
      0.9978494623655914,
      0.9161290322580645,
      1.0,
      1.0,
      1.0,
      0.9333333333333333,
      1.0,
      0.9870967741935484,
      1.0,
      1.0,
      1.0,
      1.0,
      0.6709677419354839,
      1.0,
      1.0,
      0.9870967741935484,
      0.9978494623655914,
      1.0,
      0.9978494623655914,
      1.0,
      0.9978494623655914,
      0.978494623655914,
      1.0,
      1.0,
      1.0,
      1.0
    ]
  }
}