{
  "model_name": "gemma-2-2b-it",
  "cone_dim": 3,
  "add_layer": 15,
  "alpha": 84.5228271484375,
  "weights_file": "gemma-2-2b-it_d3_20260520_224004_weights.pt",
  "metadata": {
    "add_layer": 15,
    "alpha": 84.5228271484375,
    "cone_dim": 3,
    "n_sample": 4,
    "optimize_basis": true,
    "training": {
      "lr": 0.01,
      "batch_size": 1,
      "effective_batch_size": 16,
      "epochs": 1,
      "patience": 5,
      "n_lr_reduce": 2,
      "n_sample": 4,
      "weight_decay": 0.0
    },
    "loss_weights": {
      "ablation": 1.0,
      "addition": 0.2,
      "retention": 1.0
    },
    "retain_window": 30
  },
  "results": {
    "lowest_loss": 0.03764767741803217,
    "did_early_stop": false
  },
  "history_metrics": {
    "abl_loss": [
      9.515052586885153,
      6.648257769777655,
      6.064420007200774,
      3.257781597928745,
      1.5152781178100363,
      0.49953672516130604,
      0.14088089954505756,
      0.050969845571671606,
      0.03619299005367793,
      0.037269723961799166,
      0.015220370560200536,
      0.04205958625061612,
      0.035126317833298046,
      0.015145915621057306,
      0.012973313680655945,
      0.012227926664309052,
      0.010235680022788072,
      0.0189172385078109,
      0.011312532207815213,
      0.01393054580516188,
      0.008228242675348461,
      0.008357905474175217,
      0.0039040772792683738,
      0.015364004915075686,
      0.002797469262456313,
      0.0039050184735363778,
      0.010576967016428778,
      0.008849386244226785,
      0.014515668854623222,
      0.08763024670425543,
      0.01612962249481598,
      0.004630496492779912,
      0.003752386307032414,
      0.004201585144964307,
      0.0025681496842177394,
      0.003056317784777699,
      0.0032783645178729635,
      0.0021506324979062206,
      0.0036191666834971166,
      0.001801863130130717,
      0.002702256439571708,
      0.0031451845355263686,
      0.0021813988751565225,
      0.0018073357475619411,
      0.0036201145099331224,
      0.00211387143441281,
      0.0026316478058182238,
      0.0036258021855720313,
      0.0022657600386158565
    ],
    "add_loss": [
      8.113554944848449,
      3.3003513679141188,
      2.937220771602976,
      2.8380593538749963,
      2.663217562871674,
      2.1810360917879734,
      1.815488709029523,
      1.4099583005672687,
      0.6075329757128808,
      0.3320835679884719,
      0.17653636956796012,
      0.1218256628438515,
      0.10160292470012186,
      0.12035325902888869,
      0.0566120356158232,
      0.06037376339539454,
      0.0506210507337054,
      0.061189650370531964,
      0.038552927769249117,
      0.05604113279513476,
      0.0260082344875513,
      0.03156424401030522,
      0.014901755476056695,
      0.012326292046500008,
      0.014719043447674423,
      0.047207878211310124,
      0.06556679297363507,
      0.015986233221235158,
      0.023423695037111544,
      0.017431802266064732,
      0.013930293663052875,
      0.031156666610126945,
      0.010905711242193266,
      0.015077861777327799,
      0.018318998795368916,
      0.022361292062230777,
      0.015032321443319379,
      0.02044752073130063,
      0.008116588151369026,
      0.00808675482803774,
      0.012347396658188181,
      0.011306292942576974,
      0.01009897950448509,
      0.007298058559936298,
      0.00949841024615476,
      0.01028524128853044,
      0.011310847809718062,
      0.00885475216417338,
      0.008718541110765901
    ],
    "ret_loss": [
      0.14306803001313328,
      0.14302263710303015,
      0.32390115972388267,
      0.48148798806879256,
      0.3043963639980115,
      0.34155966289605677,
      0.287134979637558,
      0.21340764224337877,
      0.28189055349670955,
      0.11289014230115026,
      0.2121792105734765,
      0.14266999238403955,
      0.14659155645564576,
      0.12376843501062705,
      0.14580386563370817,
      0.11412809745185207,
      0.08428433074276062,
      0.09597128863600977,
      0.042051555760172235,
      0.059086783966614896,
      0.056051429935922575,
      0.03799361854645971,
      0.047684186849913615,
      0.06597489508205126,
      0.30725937930935265,
      0.08208615279250961,
      0.09532499161379335,
      0.0589857135404307,
      0.05673831401869632,
      0.04348958147521405,
      0.04658736831688624,
      0.05528906404425194,
      0.04567839857070235,
      0.04834192596765149,
      0.04907117097618364,
      0.030926838032883455,
      0.06141432289955402,
      0.035523779630725574,
      0.037135180263705554,
      0.043147453468025704,
      0.06611896546559373,
      0.033254013552220824,
      0.04426024392444271,
      0.08808506068724797,
      0.03455074950143132,
      0.027245692003365397,
      0.02370518180249588,
      0.03765683527941304,
      0.030436467486564794
    ],
    "lr_changes": [
      447
    ]
  },
  "mc_eval": {
    "intervention_type": "ablation",
    "n_mc": 64,
    "asr_mean": 0.9996859296482412,
    "asr_std": 0.0012163892418993196,
    "asr_median": 1.0,
    "asr_min": 0.9949748743718593,
    "asr_max": 1.0,
    "asr_samples": [
      1.0,
      0.9949748743718593,
      1.0,
      1.0,
      1.0,
      1.0,
      1.0,
      1.0,
      1.0,
      1.0,
      1.0,
      1.0,
      1.0,
      1.0,
      1.0,
      1.0,
      1.0,
      1.0,
      1.0,
      1.0,
      1.0,
      1.0,
      1.0,
      1.0,
      1.0,
      1.0,
      1.0,
      1.0,
      1.0,
      0.9949748743718593,
      1.0,
      1.0,
      1.0,
      1.0,
      1.0,
      1.0,
      1.0,
      1.0,
      1.0,
      1.0,
      1.0,
      1.0,
      1.0,
      1.0,
      1.0,
      1.0,
      1.0,
      1.0,
      1.0,
      1.0,
      1.0,
      1.0,
      1.0,
      1.0,
      1.0,
      1.0,
      1.0,
      1.0,
      0.9949748743718593,
      1.0,
      0.9949748743718593,
      1.0,
      1.0,
      1.0
    ]
  },
  "mc_eval_ood": {
    "intervention_type": "ablation",
    "n_mc": 64,
    "asr_mean": 0.9971774193548387,
    "asr_std": 0.006894257313565679,
    "asr_median": 1.0,
    "asr_min": 0.9526881720430107,
    "asr_max": 1.0,
    "asr_samples": [
      0.9978494623655914,
      0.9978494623655914,
      0.9978494623655914,
      1.0,
      1.0,
      0.9978494623655914,
      0.9978494623655914,
      1.0,
      1.0,
      0.978494623655914,
      1.0,
      1.0,
      1.0,
      1.0,
      0.9978494623655914,
      0.9978494623655914,
      0.9978494623655914,
      1.0,
      0.9956989247311828,
      0.989247311827957,
      1.0,
      0.9978494623655914,
      0.9978494623655914,
      1.0,
      1.0,
      1.0,
      1.0,
      1.0,
      0.9978494623655914,
      0.9526881720430107,
      0.9978494623655914,
      1.0,
      0.989247311827957,
      0.9956989247311828,
      1.0,
      0.9935483870967742,
      1.0,
      1.0,
      1.0,
      0.9978494623655914,
      1.0,
      0.9978494623655914,
      0.9978494623655914,
      1.0,
      0.9978494623655914,
      1.0,
      0.9935483870967742,
      1.0,
      1.0,
      0.9827956989247312,
      0.9978494623655914,
      1.0,
      1.0,
      1.0,
      1.0,
      0.9978494623655914,
      1.0,
      1.0,
      0.9978494623655914,
      1.0,
      1.0,
      1.0,
      1.0,
      0.989247311827957
    ]
  }
}