{
  "model_name": "gemma-2-2b-it",
  "cone_dim": 2,
  "add_layer": 15,
  "alpha": 84.5228271484375,
  "weights_file": "gemma-2-2b-it_d2_20260520_205202_weights.pt",
  "metadata": {
    "add_layer": 15,
    "alpha": 84.5228271484375,
    "cone_dim": 2,
    "n_sample": 4,
    "optimize_basis": true,
    "training": {
      "lr": 0.01,
      "batch_size": 1,
      "effective_batch_size": 16,
      "epochs": 1,
      "patience": 5,
      "n_lr_reduce": 2,
      "n_sample": 4,
      "weight_decay": 0.0
    },
    "loss_weights": {
      "ablation": 1.0,
      "addition": 0.2,
      "retention": 1.0
    },
    "retain_window": 30
  },
  "results": {
    "lowest_loss": 0.027984604153594526,
    "did_early_stop": false
  },
  "history_metrics": {
    "abl_loss": [
      28.79502532631159,
      23.49077019840479,
      16.920023418962955,
      12.365062426775694,
      6.608881036518142,
      4.799295656424874,
      2.0464982720768603,
      0.6136511313443407,
      0.14207690369221382,
      0.1507121457998437,
      0.12387129670605646,
      0.1967745127985836,
      0.058197526283038314,
      0.04064473638391064,
      0.045012455359028536,
      0.016628487188427243,
      0.027169529639650136,
      0.0398865769529948,
      0.035792015498373075,
      0.02920445627933077,
      0.018020927662291797,
      0.010207671150965325,
      0.004574980775487347,
      0.14584917419938392,
      0.0031664776256548066,
      0.004809884140286158,
      0.007323416626149992,
      0.01124620219161443,
      0.00656457607556149,
      0.00483535774333177,
      0.005003440240443524,
      0.0046001412338227965,
      0.004286424569954761,
      0.003662390700810647,
      0.0035202747524181177,
      0.003696542435363881,
      0.002346908013464599,
      0.003444371537625557,
      0.0031934778944560094,
      0.004483490842062565,
      0.003455811248045393,
      0.0018740915891157783,
      0.0021234516434560646,
      0.0016999686337157982,
      0.0018403396931034877,
      0.00181477486660242,
      0.001541521754461428,
      0.0022713200122552735,
      0.0013476964757046517
    ],
    "add_loss": [
      25.98667147755623,
      19.072415478527546,
      13.402494415640831,
      9.145207926630974,
      6.65616562217474,
      4.361012000590563,
      2.7521802224218845,
      2.2316664974205196,
      2.324059400067199,
      1.9156193321105093,
      1.2215276186470874,
      0.5081672728992999,
      0.21105485575390048,
      0.13400813784392085,
      0.13828861017827876,
      0.16038461081552668,
      0.12039481005922426,
      0.05797328435437521,
      0.030860632763506146,
      0.031077422007001587,
      0.008513335812040168,
      0.022784556520946353,
      0.022079475176269625,
      0.03378899677522895,
      0.02877085223121867,
      0.03227383494891001,
      0.06447658094407416,
      0.033435191581702384,
      0.02112232202625819,
      0.016044644457906543,
      0.008741759024132989,
      0.007774805036319776,
      0.005474576606502524,
      0.006523876990968347,
      0.00859963406105635,
      0.004998908211291564,
      0.005478977548023067,
      0.003786810125006923,
      0.005431445101407917,
      0.0035288320887616464,
      0.0039997433269718385,
      0.0027225186215673602,
      0.0038681477797126718,
      0.00303199797696152,
      0.0044642973750796955,
      0.00222045652384395,
      0.003399089530716992,
      0.003783032271826414,
      0.0031520625661300983
    ],
    "ret_loss": [
      1.4543709593761602,
      0.773308030638979,
      0.614754621065759,
      0.699946199097794,
      0.6735231839287597,
      0.7402861782914845,
      0.6784392500465646,
      0.7868014646766064,
      0.560791659981934,
      0.688105722374962,
      0.445760446037271,
      0.4022158064535389,
      0.326014320323395,
      0.31645836661790694,
      0.3464725175601999,
      0.15864375835018388,
      0.14677583176126885,
      0.28207364892775033,
      0.09599171706724674,
      0.10424707504303876,
      0.10469818735961609,
      0.08161753844597915,
      0.07945295972965322,
      0.059344605824407294,
      0.047440524804585604,
      0.07655535666688201,
      0.09966259732145197,
      0.14348307599730464,
      0.09834613602861131,
      0.06932480142134617,
      0.0549467256890918,
      0.04710993341852989,
      0.04983444351303292,
      0.03689836586118475,
      0.03126421156425212,
      0.051163573903325196,
      0.03571353950653675,
      0.030899448908595917,
      0.04120390662740815,
      0.0553531381581427,
      0.0394145259618389,
      0.025205507676900545,
      0.02856856792549177,
      0.0339500513480349,
      0.02967242019957953,
      0.023949372763148156,
      0.029138616133247062,
      0.04260085574602378,
      0.03793396765234975
    ],
    "lr_changes": [
      479
    ]
  },
  "mc_eval": {
    "intervention_type": "ablation",
    "n_mc": 64,
    "asr_mean": 1.0,
    "asr_std": 0.0,
    "asr_median": 1.0,
    "asr_min": 1.0,
    "asr_max": 1.0,
    "asr_samples": [
      1.0,
      1.0,
      1.0,
      1.0,
      1.0,
      1.0,
      1.0,
      1.0,
      1.0,
      1.0,
      1.0,
      1.0,
      1.0,
      1.0,
      1.0,
      1.0,
      1.0,
      1.0,
      1.0,
      1.0,
      1.0,
      1.0,
      1.0,
      1.0,
      1.0,
      1.0,
      1.0,
      1.0,
      1.0,
      1.0,
      1.0,
      1.0,
      1.0,
      1.0,
      1.0,
      1.0,
      1.0,
      1.0,
      1.0,
      1.0,
      1.0,
      1.0,
      1.0,
      1.0,
      1.0,
      1.0,
      1.0,
      1.0,
      1.0,
      1.0,
      1.0,
      1.0,
      1.0,
      1.0,
      1.0,
      1.0,
      1.0,
      1.0,
      1.0,
      1.0,
      1.0,
      1.0,
      1.0,
      1.0
    ]
  },
  "mc_eval_ood": {
    "intervention_type": "ablation",
    "n_mc": 64,
    "asr_mean": 1.0,
    "asr_std": 0.0,
    "asr_median": 1.0,
    "asr_min": 1.0,
    "asr_max": 1.0,
    "asr_samples": [
      1.0,
      1.0,
      1.0,
      1.0,
      1.0,
      1.0,
      1.0,
      1.0,
      1.0,
      1.0,
      1.0,
      1.0,
      1.0,
      1.0,
      1.0,
      1.0,
      1.0,
      1.0,
      1.0,
      1.0,
      1.0,
      1.0,
      1.0,
      1.0,
      1.0,
      1.0,
      1.0,
      1.0,
      1.0,
      1.0,
      1.0,
      1.0,
      1.0,
      1.0,
      1.0,
      1.0,
      1.0,
      1.0,
      1.0,
      1.0,
      1.0,
      1.0,
      1.0,
      1.0,
      1.0,
      1.0,
      1.0,
      1.0,
      1.0,
      1.0,
      1.0,
      1.0,
      1.0,
      1.0,
      1.0,
      1.0,
      1.0,
      1.0,
      1.0,
      1.0,
      1.0,
      1.0,
      1.0,
      1.0
    ]
  }
}