{
  "model_name": "gemma-2-9b-it",
  "cone_dim": 2,
  "add_layer": 24,
  "alpha": 106.5625,
  "weights_file": "gemma-2-9b-it_d2_20260527_154550_weights.pt",
  "metadata": {
    "add_layer": 24,
    "alpha": 106.5625,
    "cone_dim": 2,
    "n_sample": 4,
    "optimize_basis": true,
    "training": {
      "lr": 0.01,
      "batch_size": 8,
      "effective_batch_size": 16,
      "epochs": 1,
      "patience": 5,
      "n_lr_reduce": 2,
      "n_sample": 4,
      "weight_decay": 0.0
    },
    "loss_weights": {
      "ablation": 1.0,
      "addition": 0.2,
      "retention": 1.0
    },
    "retain_window": 30
  },
  "results": {
    "lowest_loss": 26.5076943730656,
    "did_early_stop": true
  },
  "history_metrics": {
    "abl_loss": [
      35.736328125,
      27.9365234375,
      18.603515625,
      10.3134765625,
      4.257171630859375,
      1.2369499206542969,
      0.30711936950683594,
      0.18979549407958984,
      0.019011259078979492,
      0.010492444038391113,
      0.011621236801147461,
      0.030129194259643555,
      0.0982288122177124,
      0.02379143238067627,
      0.008741557598114014,
      0.003959536552429199,
      0.039647698402404785,
      0.009588897228240967,
      0.00851401686668396,
      0.016741901636123657,
      0.01304084062576294,
      0.004886940121650696,
      0.00995701551437378,
      0.028632789850234985,
      0.012598633766174316,
      0.020702645182609558,
      0.012109026312828064,
      0.012770816683769226,
      0.016481027007102966,
      0.010592881590127945,
      0.27471594512462616,
      0.005978543311357498,
      0.011347681283950806
    ],
    "add_loss": [
      31.9873046875,
      34.44921875,
      32.1962890625,
      30.5888671875,
      33.685546875,
      34.123046875,
      32.33203125,
      28.798828125,
      32.4296875,
      33.2998046875,
      33.5400390625,
      33.4814453125,
      28.9013671875,
      30.8515625,
      31.146484375,
      29.5654296875,
      31.806640625,
      31.0537109375,
      30.37890625,
      29.82421875,
      30.0478515625,
      31.30078125,
      29.8388671875,
      29.302734375,
      28.96484375,
      30.4111328125,
      30.2138671875,
      26.4560546875,
      31.3916015625,
      30.08984375,
      29.8544921875,
      27.9072265625,
      29.009765625
    ],
    "ret_loss": [
      0.3112473889232905,
      0.7858266673517975,
      0.8693437721917183,
      1.1234283424494813,
      1.76169844370927,
      0.7343004768137931,
      0.6312033468937951,
      0.31249653506920044,
      0.18372082462558909,
      0.14228170602937293,
      0.11519453173851846,
      0.06767648576508944,
      0.047550713566948274,
      0.041335632649830506,
      0.03563000464335227,
      0.1438138770355432,
      0.14138365146089077,
      0.19458451210566152,
      0.058719550045806077,
      0.07306916462523902,
      0.1276337591723296,
      0.0464504950751497,
      0.039684641702214044,
      0.028660142302956326,
      0.0394290735301066,
      0.04192536545666897,
      0.05131885812817086,
      0.03886886888182953,
      0.04382632375025679,
      0.03364919377245351,
      0.0354737602930944,
      0.030575319197444207,
      0.02480736521087895
    ],
    "lr_changes": [
      35,
      45
    ]
  },
  "mc_eval": {
    "intervention_type": "ablation",
    "n_mc": 32,
    "asr_mean": 1.0,
    "asr_std": 0.0,
    "asr_median": 1.0,
    "asr_min": 1.0,
    "asr_max": 1.0,
    "asr_samples": [
      1.0,
      1.0,
      1.0,
      1.0,
      1.0,
      1.0,
      1.0,
      1.0,
      1.0,
      1.0,
      1.0,
      1.0,
      1.0,
      1.0,
      1.0,
      1.0,
      1.0,
      1.0,
      1.0,
      1.0,
      1.0,
      1.0,
      1.0,
      1.0,
      1.0,
      1.0,
      1.0,
      1.0,
      1.0,
      1.0,
      1.0,
      1.0
    ]
  },
  "mc_eval_ood": {
    "intervention_type": "ablation",
    "n_mc": 32,
    "asr_mean": 1.0,
    "asr_std": 0.0,
    "asr_median": 1.0,
    "asr_min": 1.0,
    "asr_max": 1.0,
    "asr_samples": [
      1.0,
      1.0,
      1.0,
      1.0,
      1.0,
      1.0,
      1.0,
      1.0,
      1.0,
      1.0,
      1.0,
      1.0,
      1.0,
      1.0,
      1.0,
      1.0,
      1.0,
      1.0,
      1.0,
      1.0,
      1.0,
      1.0,
      1.0,
      1.0,
      1.0,
      1.0,
      1.0,
      1.0,
      1.0,
      1.0,
      1.0,
      1.0
    ]
  }
}