{
  "model_name": "llama-3.1-8b-instruct",
  "cone_dim": 3,
  "add_layer": 14,
  "alpha": 4.06640625,
  "weights_file": "llama-3.1-8b-instruct_d3_20260527_150223_weights.pt",
  "metadata": {
    "add_layer": 14,
    "alpha": 4.06640625,
    "cone_dim": 3,
    "n_sample": 4,
    "optimize_basis": true,
    "training": {
      "lr": 0.01,
      "batch_size": 8,
      "effective_batch_size": 16,
      "epochs": 1,
      "patience": 5,
      "n_lr_reduce": 2,
      "n_sample": 4,
      "weight_decay": 0.0
    },
    "loss_weights": {
      "ablation": 1.0,
      "addition": 0.2,
      "retention": 1.0
    },
    "retain_window": 30
  },
  "results": {
    "lowest_loss": 31.813108887492753,
    "did_early_stop": true
  },
  "history_metrics": {
    "abl_loss": [
      6.102434794108073,
      6.14801025390625,
      7.790832519531249,
      7.859720865885418,
      8.424041748046875,
      8.949839274088541,
      7.430419921874999,
      7.3849334716796875,
      7.248667399088541,
      7.981221516927083,
      6.33477783203125,
      6.92023213704427,
      6.980433146158854,
      7.465215047200521,
      6.719273885091145,
      6.636576334635415
    ],
    "add_loss": [
      22.294270833333332,
      20.66471354166666,
      22.026692708333332,
      21.907552083333332,
      22.089518229166664,
      21.815755208333332,
      21.819010416666668,
      22.405924479166664,
      23.408854166666668,
      23.31184895833333,
      21.331705729166664,
      21.893880208333332,
      20.7490234375,
      22.533203124999996,
      22.458333333333332,
      23.533854166666664
    ],
    "ret_loss": [
      3.416403260051347,
      39.70535085158421,
      66.90597615583613,
      29.154281903555894,
      23.257198153117926,
      21.641605805061133,
      11.913858251465022,
      14.26530516032022,
      14.178970988025114,
      15.857349471499553,
      14.643957159520971,
      12.15455682275527,
      5.771029035507178,
      5.795805443350629,
      12.4407377161024,
      5.591558786653692
    ],
    "lr_changes": [
      11,
      21
    ]
  },
  "mc_eval": {
    "intervention_type": "ablation",
    "n_mc": 32,
    "asr_mean": 0.8068467336683417,
    "asr_std": 0.34049151783722603,
    "asr_median": 1.0,
    "asr_min": 0.04522613065326633,
    "asr_max": 1.0,
    "asr_samples": [
      1.0,
      1.0,
      0.04522613065326633,
      1.0,
      1.0,
      1.0,
      1.0,
      0.7638190954773869,
      0.06532663316582915,
      0.8844221105527639,
      0.06030150753768844,
      1.0,
      1.0,
      0.5477386934673367,
      1.0,
      1.0,
      0.20100502512562815,
      1.0,
      1.0,
      1.0,
      1.0,
      1.0,
      1.0,
      0.07035175879396985,
      0.3417085427135678,
      1.0,
      0.8391959798994975,
      1.0,
      1.0,
      1.0,
      1.0,
      1.0
    ]
  },
  "mc_eval_ood": {
    "intervention_type": "ablation",
    "n_mc": 32,
    "asr_mean": 0.9161290322580645,
    "asr_std": 0.17551437379848403,
    "asr_median": 0.9978494623655914,
    "asr_min": 0.15483870967741936,
    "asr_max": 1.0,
    "asr_samples": [
      0.6258064516129033,
      1.0,
      0.853763440860215,
      0.15483870967741936,
      1.0,
      0.9290322580645162,
      0.989247311827957,
      1.0,
      0.9956989247311828,
      0.6344086021505376,
      1.0,
      1.0,
      1.0,
      1.0,
      1.0,
      0.9827956989247312,
      1.0,
      1.0,
      1.0,
      0.9978494623655914,
      1.0,
      0.7161290322580646,
      0.9956989247311828,
      1.0,
      0.9978494623655914,
      0.9935483870967742,
      1.0,
      0.8903225806451613,
      0.7182795698924731,
      0.8451612903225807,
      0.9956989247311828,
      1.0
    ]
  }
}