{
  "model_name": "llama-3.1-8b-instruct",
  "cone_dim": 2,
  "add_layer": 14,
  "alpha": 4.06640625,
  "weights_file": "llama-3.1-8b-instruct_d2_20260527_145133_weights.pt",
  "metadata": {
    "add_layer": 14,
    "alpha": 4.06640625,
    "cone_dim": 2,
    "n_sample": 4,
    "optimize_basis": true,
    "training": {
      "lr": 0.01,
      "batch_size": 8,
      "effective_batch_size": 16,
      "epochs": 1,
      "patience": 5,
      "n_lr_reduce": 2,
      "n_sample": 4,
      "weight_decay": 0.0
    },
    "loss_weights": {
      "ablation": 1.0,
      "addition": 0.2,
      "retention": 1.0
    },
    "retain_window": 30
  },
  "results": {
    "lowest_loss": 24.1769754230206,
    "did_early_stop": false
  },
  "history_metrics": {
    "abl_loss": [
      23.8310546875,
      21.244140625,
      22.53564453125,
      20.83935546875,
      19.6650390625,
      17.0517578125,
      17.080078125,
      16.7666015625,
      17.0595703125,
      16.42529296875,
      15.6533203125,
      15.90380859375,
      15.7060546875,
      14.819580078125,
      14.00634765625,
      13.674072265625,
      13.41845703125,
      12.771728515625,
      11.831298828125,
      11.124267578125,
      9.7421875,
      8.908203125,
      7.683837890625,
      7.08740234375,
      5.9976806640625,
      5.06494140625,
      4.3743896484375,
      3.66339111328125,
      2.706573486328125,
      1.9368896484375,
      1.5718536376953125,
      1.0213165283203125,
      0.707366943359375,
      0.5585708618164062,
      0.39241790771484375,
      0.239898681640625,
      0.2087860107421875,
      0.17620468139648438,
      0.14815521240234375,
      0.14629173278808594,
      0.14444351196289062,
      0.10781288146972656,
      0.10340118408203125,
      0.0920562744140625,
      0.059531211853027344,
      0.058226585388183594,
      0.06785392761230469,
      0.07714080810546875,
      0.05882072448730469
    ],
    "add_loss": [
      24.423828125,
      23.9287109375,
      24.39111328125,
      25.7275390625,
      25.2373046875,
      25.658203125,
      25.9091796875,
      25.201171875,
      25.69921875,
      25.537109375,
      24.046875,
      23.59033203125,
      24.359375,
      24.19921875,
      26.1494140625,
      25.32568359375,
      25.7646484375,
      25.216796875,
      25.5380859375,
      24.7294921875,
      25.0537109375,
      24.3876953125,
      24.9150390625,
      26.75,
      23.5615234375,
      23.68115234375,
      25.8544921875,
      25.52734375,
      24.6572265625,
      26.1484375,
      23.64013671875,
      25.8154296875,
      24.43017578125,
      25.8955078125,
      25.1845703125,
      25.9140625,
      25.0537109375,
      24.486328125,
      25.7841796875,
      23.31884765625,
      25.201171875,
      23.4912109375,
      26.2353515625,
      23.8720703125,
      24.27734375,
      25.1455078125,
      24.63671875,
      24.8603515625,
      25.337890625
    ],
    "ret_loss": [
      3.725346594418263,
      6.973994455868299,
      20.502837780865363,
      35.17242482001608,
      13.730484733573961,
      15.134464208600198,
      14.996394058156692,
      5.952350395899301,
      9.319587796279823,
      5.0086622579922215,
      2.21156761898201,
      1.2492243772867044,
      3.525148958458151,
      2.930700655588221,
      2.0680834674461375,
      2.6539013423377016,
      1.4888641469204553,
      3.284932120434535,
      1.7781708706878483,
      0.8502951923247852,
      1.1540542069930986,
      0.9552887379817045,
      1.5221998810847586,
      1.1521112585526292,
      1.360286955502755,
      1.0485054281084367,
      0.5125694562114612,
      1.0760728777189983,
      1.026495166536733,
      1.3823128656743235,
      0.8752752871675524,
      0.9054722033741429,
      0.8639924263618564,
      1.0013390662376838,
      0.41091346795191735,
      0.5928614181587615,
      0.627986609893312,
      1.624694519039458,
      0.3449663330756385,
      0.7118360339825163,
      0.6122583534363695,
      0.5843601239773374,
      1.3642711398358291,
      0.7826753612884814,
      0.4770962288318053,
      0.5792817273259325,
      0.6382493911300504,
      0.7207612622791932,
      0.49436047534173444
    ],
    "lr_changes": [
      11,
      89
    ]
  },
  "mc_eval": {
    "intervention_type": "ablation",
    "n_mc": 32,
    "asr_mean": 1.0,
    "asr_std": 0.0,
    "asr_median": 1.0,
    "asr_min": 1.0,
    "asr_max": 1.0,
    "asr_samples": [
      1.0,
      1.0,
      1.0,
      1.0,
      1.0,
      1.0,
      1.0,
      1.0,
      1.0,
      1.0,
      1.0,
      1.0,
      1.0,
      1.0,
      1.0,
      1.0,
      1.0,
      1.0,
      1.0,
      1.0,
      1.0,
      1.0,
      1.0,
      1.0,
      1.0,
      1.0,
      1.0,
      1.0,
      1.0,
      1.0,
      1.0,
      1.0
    ]
  },
  "mc_eval_ood": {
    "intervention_type": "ablation",
    "n_mc": 32,
    "asr_mean": 1.0,
    "asr_std": 0.0,
    "asr_median": 1.0,
    "asr_min": 1.0,
    "asr_max": 1.0,
    "asr_samples": [
      1.0,
      1.0,
      1.0,
      1.0,
      1.0,
      1.0,
      1.0,
      1.0,
      1.0,
      1.0,
      1.0,
      1.0,
      1.0,
      1.0,
      1.0,
      1.0,
      1.0,
      1.0,
      1.0,
      1.0,
      1.0,
      1.0,
      1.0,
      1.0,
      1.0,
      1.0,
      1.0,
      1.0,
      1.0,
      1.0,
      1.0,
      1.0
    ]
  }
}