{
  "model_name": "llama-3.1-8b-instruct",
  "cone_dim": 4,
  "add_layer": 14,
  "alpha": 4.06640625,
  "weights_file": "llama-3.1-8b-instruct_d4_20260527_152200_weights.pt",
  "metadata": {
    "add_layer": 14,
    "alpha": 4.06640625,
    "cone_dim": 4,
    "n_sample": 4,
    "optimize_basis": true,
    "training": {
      "lr": 0.01,
      "batch_size": 8,
      "effective_batch_size": 16,
      "epochs": 1,
      "patience": 5,
      "n_lr_reduce": 2,
      "n_sample": 4,
      "weight_decay": 0.0
    },
    "loss_weights": {
      "ablation": 1.0,
      "addition": 0.2,
      "retention": 1.0
    },
    "retain_window": 30
  },
  "results": {
    "lowest_loss": 20.104296693826175,
    "did_early_stop": true
  },
  "history_metrics": {
    "abl_loss": [
      9.800651550292969,
      9.43048095703125,
      10.15093994140625,
      11.00115966796875,
      10.292388916015625,
      9.396728515625,
      8.507492065429688,
      8.189430236816406,
      8.104387283325195,
      7.068864822387695,
      7.329145431518555,
      6.017627716064453,
      5.707237243652344,
      5.156930923461914,
      5.276454925537109,
      4.74662971496582,
      3.5487728118896484,
      2.4509449005126953,
      1.7418975830078125,
      1.2476162910461426,
      0.9179201126098633,
      0.6464225053787231,
      0.5762739181518555,
      0.30362141132354736,
      0.1744084358215332,
      0.1069939136505127,
      0.09508800506591797,
      0.03759998083114624,
      0.021511077880859375,
      0.03632354736328125,
      0.02941279113292694,
      0.029968678951263428,
      0.031020089983940125,
      0.03434431552886963,
      0.03781476616859436,
      0.08790197968482971,
      0.03489917516708374,
      0.03069477528333664,
      0.0369420051574707,
      0.02793225646018982,
      0.026296019554138184,
      0.02260318398475647,
      0.02284538745880127,
      0.0229891836643219,
      0.02024388313293457,
      0.023051559925079346,
      0.02054712176322937,
      0.03990048170089722,
      0.025154590606689453
    ],
    "add_loss": [
      18.674560546875,
      21.25341796875,
      20.859375,
      21.2685546875,
      20.6630859375,
      20.60205078125,
      21.12646484375,
      21.2080078125,
      20.4609375,
      20.61572265625,
      21.40576171875,
      20.03857421875,
      20.32666015625,
      20.34619140625,
      21.4814453125,
      20.638427734375,
      20.50732421875,
      20.43359375,
      20.50341796875,
      20.18310546875,
      21.53564453125,
      20.541259765625,
      21.13330078125,
      20.7490234375,
      20.358642578125,
      20.53857421875,
      19.563232421875,
      20.0361328125,
      20.54541015625,
      19.414794921875,
      20.174560546875,
      19.753662109375,
      19.831787109375,
      19.604736328125,
      20.5908203125,
      20.779296875,
      20.0546875,
      20.11669921875,
      19.697998046875,
      20.180419921875,
      20.069580078125,
      20.08203125,
      20.932373046875,
      20.7734375,
      20.455078125,
      20.544189453125,
      19.689453125,
      20.382080078125,
      20.27197265625
    ],
    "ret_loss": [
      19.43533323432317,
      37.85374690145355,
      13.157634574293533,
      19.85133064810843,
      24.13806834483322,
      10.965548011222335,
      10.533270482975528,
      14.08586412411984,
      10.476705288231585,
      7.346515438290563,
      7.3011217989874995,
      2.10041782593013,
      5.323353469187368,
      3.2240218560145806,
      4.289820050276491,
      1.3580599133769293,
      4.463770235149112,
      1.6151162040524791,
      2.5844709735725617,
      3.589180223882173,
      3.4168038958156437,
      1.2535747230260192,
      2.0944204861036377,
      1.112874724190235,
      2.3239436617745324,
      1.7439641973888627,
      0.9248000581934329,
      2.130046643823603,
      1.2452441435751052,
      1.3045485547288913,
      1.6686499901960143,
      1.8956999679146658,
      1.6393919484355335,
      0.7764963615035776,
      1.128280578516775,
      1.1774933372517213,
      0.3420926998608146,
      0.8536272381725059,
      0.36935664179370487,
      0.4421414609684466,
      0.4811363069951174,
      0.783541848180509,
      0.3344500065114639,
      0.8582210470711197,
      0.3577988112049596,
      0.35675644371266396,
      0.6061597255423309,
      0.38242137319121805,
      0.2586934373603119
    ],
    "lr_changes": [
      63,
      87
    ]
  },
  "mc_eval": {
    "intervention_type": "ablation",
    "n_mc": 32,
    "asr_mean": 0.983354271356784,
    "asr_std": 0.09178111587759527,
    "asr_median": 1.0,
    "asr_min": 0.4723618090452261,
    "asr_max": 1.0,
    "asr_samples": [
      1.0,
      1.0,
      1.0,
      1.0,
      1.0,
      1.0,
      1.0,
      1.0,
      1.0,
      1.0,
      1.0,
      1.0,
      1.0,
      1.0,
      1.0,
      1.0,
      1.0,
      1.0,
      1.0,
      0.9949748743718593,
      1.0,
      1.0,
      0.4723618090452261,
      1.0,
      1.0,
      1.0,
      1.0,
      1.0,
      1.0,
      1.0,
      1.0,
      1.0
    ]
  },
  "mc_eval_ood": {
    "intervention_type": "ablation",
    "n_mc": 32,
    "asr_mean": 0.9997983870967742,
    "asr_std": 0.0006268399901269489,
    "asr_median": 1.0,
    "asr_min": 0.9978494623655914,
    "asr_max": 1.0,
    "asr_samples": [
      1.0,
      1.0,
      1.0,
      1.0,
      1.0,
      1.0,
      1.0,
      1.0,
      1.0,
      1.0,
      1.0,
      1.0,
      1.0,
      1.0,
      0.9978494623655914,
      1.0,
      1.0,
      1.0,
      1.0,
      1.0,
      1.0,
      0.9978494623655914,
      1.0,
      1.0,
      1.0,
      1.0,
      1.0,
      1.0,
      0.9978494623655914,
      1.0,
      1.0,
      1.0
    ]
  }
}