{
  "model_name": "qwen-2.5-7b-instruct",
  "cone_dim": 2,
  "add_layer": 18,
  "alpha": 26.609375,
  "weights_file": "qwen-2.5-7b-instruct_d2_20260527_103341_weights.pt",
  "metadata": {
    "add_layer": 18,
    "alpha": 26.609375,
    "cone_dim": 2,
    "n_sample": 4,
    "optimize_basis": true,
    "training": {
      "lr": 0.01,
      "batch_size": 8,
      "effective_batch_size": 16,
      "epochs": 1,
      "patience": 5,
      "n_lr_reduce": 2,
      "n_sample": 4,
      "weight_decay": 0.0
    },
    "loss_weights": {
      "ablation": 1.0,
      "addition": 0.2,
      "retention": 1.0
    },
    "retain_window": 30
  },
  "results": {
    "lowest_loss": 26.55386762648059,
    "did_early_stop": true
  },
  "history_metrics": {
    "abl_loss": [
      36.2216796875,
      28.69287109375,
      27.0009765625,
      21.029296875,
      18.70263671875,
      15.116943359375,
      9.49169921875,
      5.204498291015625,
      1.5172996520996094,
      0.14505767822265625,
      0.03325366973876953,
      0.011522412300109863,
      0.007798314094543457,
      0.028152883052825928,
      0.02639615535736084,
      0.05847764015197754,
      0.014051198959350586,
      0.1888587474822998,
      0.011948108673095703,
      0.011337757110595703,
      0.00539398193359375,
      0.007831215858459473,
      0.006128430366516113,
      0.008924305438995361,
      0.007888555526733398,
      0.0060280561447143555,
      0.0032786130905151367,
      0.011149048805236816,
      0.007418453693389893,
      0.007631897926330566,
      0.022028207778930664,
      0.010857999324798584
    ],
    "add_loss": [
      32.3525390625,
      34.1044921875,
      32.0732421875,
      31.125,
      33.9189453125,
      33.7626953125,
      34.068359375,
      31.7587890625,
      32.5888671875,
      32.4775390625,
      31.5908203125,
      32.88671875,
      31.6318359375,
      32.7421875,
      31.94140625,
      30.3935546875,
      29.0126953125,
      30.392578125,
      29.2421875,
      29.64453125,
      32.3466796875,
      31.9248046875,
      30.6083984375,
      32.0048828125,
      31.857421875,
      32.9853515625,
      25.9580078125,
      31.310546875,
      31.9619140625,
      31.2841796875,
      31.87890625,
      29.591796875
    ],
    "ret_loss": [
      6.83699908668269,
      17.289937844297977,
      8.793485902175433,
      24.90614529764907,
      20.565533869590734,
      0.9499185659566092,
      1.7810834435068188,
      1.2000397151959257,
      1.2762827723731829,
      0.42971557720315084,
      0.4674427127319998,
      2.6591982472403233,
      3.2796779445882165,
      1.6062963663867262,
      3.175637167854997,
      2.824794431259536,
      0.7398212545122973,
      2.0004411498984758,
      2.1637061900964953,
      5.265233153943719,
      4.950356460026708,
      3.340278775569028,
      2.463878955633877,
      2.3491446596908894,
      0.6047497584824438,
      1.2693038834704569,
      0.5925812008900739,
      1.3028207858480239,
      1.50549817913375,
      1.450046173498241,
      1.1431625558104885,
      0.30043360544008085
    ],
    "lr_changes": [
      31,
      43
    ]
  },
  "mc_eval": {
    "intervention_type": "ablation",
    "n_mc": 32,
    "asr_mean": 1.0,
    "asr_std": 0.0,
    "asr_median": 1.0,
    "asr_min": 1.0,
    "asr_max": 1.0,
    "asr_samples": [
      1.0,
      1.0,
      1.0,
      1.0,
      1.0,
      1.0,
      1.0,
      1.0,
      1.0,
      1.0,
      1.0,
      1.0,
      1.0,
      1.0,
      1.0,
      1.0,
      1.0,
      1.0,
      1.0,
      1.0,
      1.0,
      1.0,
      1.0,
      1.0,
      1.0,
      1.0,
      1.0,
      1.0,
      1.0,
      1.0,
      1.0,
      1.0
    ]
  },
  "mc_eval_ood": {
    "intervention_type": "ablation",
    "n_mc": 32,
    "asr_mean": 0.6820564516129033,
    "asr_std": 0.13496455919713227,
    "asr_median": 0.6053763440860215,
    "asr_min": 0.4881720430107527,
    "asr_max": 0.9075268817204301,
    "asr_samples": [
      0.7462365591397849,
      0.7956989247311828,
      0.5376344086021505,
      0.5913978494623656,
      0.5913978494623656,
      0.4881720430107527,
      0.7139784946236559,
      0.9075268817204301,
      0.5913978494623656,
      0.610752688172043,
      0.7354838709677419,
      0.589247311827957,
      0.9075268817204301,
      0.896774193548387,
      0.8494623655913979,
      0.6150537634408603,
      0.9053763440860215,
      0.589247311827957,
      0.5870967741935483,
      0.5763440860215053,
      0.6752688172043011,
      0.556989247311828,
      0.4946236559139785,
      0.7612903225806451,
      0.8344086021505376,
      0.8989247311827957,
      0.5956989247311828,
      0.5440860215053763,
      0.853763440860215,
      0.6,
      0.5849462365591398,
      0.6
    ]
  }
}