{
  "model_name": "qwen-2.5-1.5b-instruct",
  "cone_dim": 3,
  "add_layer": 17,
  "alpha": 13.049909591674805,
  "weights_file": "qwen-2.5-1.5b-instruct_d3_20260520_214244_weights.pt",
  "metadata": {
    "add_layer": 17,
    "alpha": 13.049909591674805,
    "cone_dim": 3,
    "n_sample": 4,
    "optimize_basis": true,
    "training": {
      "lr": 0.01,
      "batch_size": 1,
      "effective_batch_size": 16,
      "epochs": 1,
      "patience": 5,
      "n_lr_reduce": 2,
      "n_sample": 4,
      "weight_decay": 0.0
    },
    "loss_weights": {
      "ablation": 1.0,
      "addition": 0.2,
      "retention": 1.0
    },
    "retain_window": 30
  },
  "results": {
    "lowest_loss": 0.05270753439896922,
    "did_early_stop": false
  },
  "history_metrics": {
    "abl_loss": [
      8.457831483359428,
      5.740456171547216,
      3.638023229771837,
      2.3531560853007245,
      1.3009757690306287,
      0.6365495583061904,
      0.28165564782587654,
      0.14580936242115664,
      0.10126598740437963,
      0.07057665827596792,
      0.049525478599510585,
      0.03646653019829197,
      0.033583251069406586,
      0.024443657868232552,
      0.027223513869709375,
      0.022990012940605688,
      0.017747018377766228,
      0.010709346854847961,
      0.00870911298447178,
      0.007794467668721456,
      0.006197901092756789,
      0.01173189843406893,
      0.003561386329029878,
      0.0029118821165260065,
      0.0029509179114294666,
      0.004825721705477312,
      0.0067007764790029505,
      0.0036457611531091057,
      0.002529053156460274,
      0.007153159017207144,
      0.00663092925666812,
      0.001647643109966642,
      0.0032423245802040883,
      0.004304908028567904,
      0.003965791291041873,
      0.0014875557979318421,
      0.07285054857436533,
      0.001179813438966448,
      0.001307740239629614,
      0.0010620252707743323,
      0.0011465956742805854,
      0.0016030937193249888,
      0.0015014428505158626,
      0.001494369477957965,
      0.0016553336902613105,
      0.0013959852553095215,
      0.0014638419653086512,
      0.0015302260569948583,
      0.0020882553269530035
    ],
    "add_loss": [
      7.998834961519494,
      4.990699673381944,
      4.149713885194311,
      3.1758758743720454,
      2.6615433044426027,
      2.3590813455436237,
      1.9641613014876687,
      1.772811001285845,
      1.3322843205599688,
      1.0210634376198866,
      0.7276863003172972,
      0.5091849057069642,
      0.4093290337848808,
      0.24030684700596794,
      0.1816671841737995,
      0.11109923770398686,
      0.17791326997144097,
      0.05388149790440856,
      0.1089224148009388,
      0.02080756750168196,
      0.02660709615086413,
      0.02191988808731556,
      0.02329402184351655,
      0.03435797062084589,
      0.010873363620660824,
      0.01616930489881459,
      0.016655563283701248,
      0.021642414171476318,
      0.023835224369027706,
      0.011258781187137856,
      0.0072007978664506336,
      0.009209874522800494,
      0.02059237631036126,
      0.026672936430278092,
      0.008938633333229973,
      0.037518733401374973,
      0.012172323915621064,
      0.04772826402430988,
      0.02486538479212186,
      0.012459542298728364,
      0.013872413635851896,
      0.009967473481992783,
      0.005163943923567632,
      0.016410898800425382,
      0.005194161494065006,
      0.004620937333138878,
      0.006209674401380502,
      0.012358185240932091,
      0.006217935821193047
    ],
    "ret_loss": [
      0.20793834905043523,
      0.4622266457837331,
      0.36950987808996855,
      0.4981979082134569,
      0.5451944768620305,
      0.4485559987172968,
      0.4234504079631761,
      0.27499878188640775,
      0.18269516023038856,
      0.1538483601301332,
      0.15880084996829552,
      0.1353344272600111,
      0.11083219156200168,
      0.1311937545645474,
      0.11640433090817486,
      0.12011193350354138,
      0.10231849121689995,
      0.08582782172647771,
      0.110066238229767,
      0.10147201187570015,
      0.1336626080509016,
      0.080116920754333,
      0.07282119960500376,
      0.08539595234061388,
      0.08424314892267384,
      0.07837435347245884,
      0.06210401553140485,
      0.12701421204051874,
      0.06614803426150899,
      0.05873210700215763,
      0.07618310263450492,
      0.07287976159918325,
      0.08779322209195142,
      0.06985578231777016,
      0.06861213581346538,
      0.06448294026576182,
      0.05517926621633478,
      0.055920290738398715,
      0.05855398785579578,
      0.039185966829466526,
      0.05070127236073873,
      0.0747644781557547,
      0.048632072147206606,
      0.05167255724431774,
      0.06422145571879323,
      0.04863869074272154,
      0.04562485024528192,
      0.04639886604740841,
      0.051796500503629536
    ],
    "lr_changes": [
      559,
      719
    ]
  },
  "mc_eval": {
    "intervention_type": "ablation",
    "n_mc": 64,
    "asr_mean": 1.0,
    "asr_std": 0.0,
    "asr_median": 1.0,
    "asr_min": 1.0,
    "asr_max": 1.0,
    "asr_samples": [
      1.0,
      1.0,
      1.0,
      1.0,
      1.0,
      1.0,
      1.0,
      1.0,
      1.0,
      1.0,
      1.0,
      1.0,
      1.0,
      1.0,
      1.0,
      1.0,
      1.0,
      1.0,
      1.0,
      1.0,
      1.0,
      1.0,
      1.0,
      1.0,
      1.0,
      1.0,
      1.0,
      1.0,
      1.0,
      1.0,
      1.0,
      1.0,
      1.0,
      1.0,
      1.0,
      1.0,
      1.0,
      1.0,
      1.0,
      1.0,
      1.0,
      1.0,
      1.0,
      1.0,
      1.0,
      1.0,
      1.0,
      1.0,
      1.0,
      1.0,
      1.0,
      1.0,
      1.0,
      1.0,
      1.0,
      1.0,
      1.0,
      1.0,
      1.0,
      1.0,
      1.0,
      1.0,
      1.0,
      1.0
    ]
  },
  "mc_eval_ood": {
    "intervention_type": "ablation",
    "n_mc": 64,
    "asr_mean": 0.998622311827957,
    "asr_std": 0.0019887818221717363,
    "asr_median": 1.0,
    "asr_min": 0.989247311827957,
    "asr_max": 1.0,
    "asr_samples": [
      1.0,
      1.0,
      0.9978494623655914,
      1.0,
      0.9978494623655914,
      0.9978494623655914,
      1.0,
      0.9978494623655914,
      1.0,
      1.0,
      0.9978494623655914,
      1.0,
      1.0,
      1.0,
      0.9978494623655914,
      1.0,
      1.0,
      0.9978494623655914,
      0.9978494623655914,
      0.9978494623655914,
      1.0,
      0.9978494623655914,
      0.9978494623655914,
      0.9935483870967742,
      0.989247311827957,
      1.0,
      1.0,
      1.0,
      1.0,
      1.0,
      1.0,
      0.9978494623655914,
      1.0,
      1.0,
      1.0,
      0.9978494623655914,
      0.9978494623655914,
      0.9978494623655914,
      0.9956989247311828,
      1.0,
      0.9978494623655914,
      1.0,
      0.9956989247311828,
      1.0,
      1.0,
      0.9956989247311828,
      1.0,
      1.0,
      1.0,
      1.0,
      1.0,
      0.9978494623655914,
      0.9978494623655914,
      1.0,
      0.9978494623655914,
      1.0,
      1.0,
      1.0,
      0.9978494623655914,
      0.9978494623655914,
      1.0,
      0.9935483870967742,
      0.9978494623655914,
      0.9956989247311828
    ]
  }
}