{
  "schema_version": "1.0",
  "produced_by": "experiment_3",
  "timestamp": "2026-05-27T17:46:26.104909",
  "cone_dims": [
    2,
    3,
    4
  ],
  "models": {
    "qwen-2.5-14b-instruct": {
      "add_layer": 30,
      "alpha": 48.25,
      "cone_dims_evaluated": [
        2,
        3,
        4
      ],
      "cones": {
        "2": {
          "weights_file": "qwen-2.5-14b-instruct_d2_20260527_165917_weights.pt",
          "basis_key": "best_vectors",
          "mc_asr_ablation": {
            "mean": 1.0,
            "std": 0.0,
            "median": 1.0,
            "min": 1.0,
            "max": 1.0
          },
          "mc_asr_ablation_ood": {
            "mean": 0.9984543010752687,
            "std": 0.0009669015167969383,
            "median": 0.9978494623655914,
            "min": 0.9978494623655914,
            "max": 1.0
          },
          "lowest_loss": 33.31404596875014,
          "did_early_stop": true
        },
        "3": {
          "weights_file": "qwen-2.5-14b-instruct_d3_20260527_172146_weights.pt",
          "basis_key": "best_vectors",
          "mc_asr_ablation": {
            "mean": 1.0,
            "std": 0.0,
            "median": 1.0,
            "min": 1.0,
            "max": 1.0
          },
          "mc_asr_ablation_ood": {
            "mean": 0.9375,
            "std": 0.08916620472454018,
            "median": 0.9731182795698925,
            "min": 0.5849462365591398,
            "max": 1.0
          },
          "lowest_loss": 29.546351342535612,
          "did_early_stop": true
        },
        "4": {
          "weights_file": "qwen-2.5-14b-instruct_d4_20260527_174623_weights.pt",
          "basis_key": "best_vectors",
          "mc_asr_ablation": {
            "mean": 0.9938756281407035,
            "std": 0.033208020383637085,
            "median": 1.0,
            "min": 0.8090452261306532,
            "max": 1.0
          },
          "mc_asr_ablation_ood": {
            "mean": 0.8936827956989247,
            "std": 0.22784977793063746,
            "median": 0.9903225806451613,
            "min": 0.11612903225806452,
            "max": 1.0
          },
          "lowest_loss": 27.512023918919375,
          "did_early_stop": true
        }
      },
      "optimal_dim": 2
    }
  }
}