{
  "model_name": "qwen-2.5-1.5b-instruct",
  "cone_dim": 2,
  "add_layer": 17,
  "alpha": 13.049909591674805,
  "weights_file": "qwen-2.5-1.5b-instruct_d2_20260520_201923_weights.pt",
  "metadata": {
    "add_layer": 17,
    "alpha": 13.049909591674805,
    "cone_dim": 2,
    "n_sample": 4,
    "optimize_basis": true,
    "training": {
      "lr": 0.01,
      "batch_size": 1,
      "effective_batch_size": 16,
      "epochs": 1,
      "patience": 5,
      "n_lr_reduce": 2,
      "n_sample": 4,
      "weight_decay": 0.0
    },
    "loss_weights": {
      "ablation": 1.0,
      "addition": 0.2,
      "retention": 1.0
    },
    "retain_window": 30
  },
  "results": {
    "lowest_loss": 0.05504998019909572,
    "did_early_stop": false
  },
  "history_metrics": {
    "abl_loss": [
      25.513810612261295,
      21.83974001556635,
      16.7496442720294,
      10.21084739267826,
      5.154135797172785,
      2.921548293554224,
      2.2541855430754367,
      1.6519998479343485,
      1.1264027122379048,
      0.847870456869714,
      0.5586222959464067,
      0.38325368695223005,
      0.25713400509994244,
      0.2034772492625052,
      0.13085767156735528,
      0.07473037413001293,
      0.051063394856100786,
      0.02614021632962249,
      0.01623677662337286,
      0.009762400574800267,
      0.008148072965923348,
      0.009824864655456622,
      0.01679671187503118,
      0.008307899475767044,
      0.008236075883360172,
      0.005107670398729169,
      0.003476722825780598,
      0.0034349825587014493,
      0.003656152219264186,
      0.0050587635216743365,
      0.006667575163191941,
      0.006309302748377377,
      0.005957787848274165,
      0.0061777452960996015,
      0.004589587795180705,
      0.004296060315027717,
      0.005662224590878395,
      0.0044616594309445645,
      0.0038328819214257237,
      0.0029800261828540897,
      0.003879476754832467,
      0.004747277695059893,
      0.0025155772473226534,
      0.0033718949528633857,
      0.0019103665359807565,
      0.001558465291225275,
      0.0012324432908030758,
      0.0018732097066731512,
      0.0018397885351078003
    ],
    "add_loss": [
      21.99452416598797,
      17.35644906759262,
      15.4798085950315,
      13.257314510643482,
      11.968116793781519,
      10.005914168432355,
      8.171586452051997,
      6.177731504663825,
      5.017652085982263,
      3.9442503731697798,
      3.169501264812425,
      2.0244631472742185,
      0.7822878563310951,
      0.33242413122206926,
      0.08705478710180614,
      0.03958442878411006,
      0.027736410002944467,
      0.02106994402424789,
      0.021457500235669613,
      0.03514891765189532,
      0.04183599847823416,
      0.029213115348056817,
      0.012689607117749802,
      0.016475327382238447,
      0.037705801216475265,
      0.004546006888404008,
      0.16407446155471916,
      0.005401468148420463,
      0.019791651407842892,
      0.044505030320465266,
      0.004039590688989847,
      0.005187555371662711,
      0.003179963759464499,
      0.005754334707006592,
      0.022097922037460194,
      0.01036312871570999,
      0.015024914379580423,
      0.011431877143991187,
      0.006514772157402149,
      0.006418221261696999,
      0.010220499515241954,
      0.007251011500386539,
      0.0034206633396820507,
      0.004701197675331059,
      0.00711672233938998,
      0.0038414138863345215,
      0.004037794196975142,
      0.002631574295932637,
      0.0033863379056242593
    ],
    "ret_loss": [
      0.7171271210212793,
      0.5979977617210408,
      0.8365129563613471,
      1.4514774133885668,
      2.152433578883715,
      1.5423272633537661,
      1.3262399944589836,
      0.9158506109712918,
      0.846304652594084,
      0.8091218372883301,
      0.6201127505994419,
      0.6324656845044085,
      0.3940620018395331,
      0.4467728632080915,
      0.31638756142326435,
      0.26924883279396933,
      0.24811983914002916,
      0.1211043173132543,
      0.15955273184679042,
      0.138122247116259,
      0.10315913271143956,
      0.1283110465908624,
      0.1113723149429434,
      0.12713980048047474,
      0.09304860239241805,
      0.10315042143370423,
      0.08474173662404369,
      0.09601797160823508,
      0.10285058493878489,
      0.07561402077074807,
      0.098749905961351,
      0.08065482808467256,
      0.09782732586326265,
      0.07555941993176604,
      0.05843129886589961,
      0.09410835464961487,
      0.11533741993593119,
      0.05117257084288092,
      0.08681058396286023,
      0.07353442102430419,
      0.08188189155258267,
      0.07418178786070434,
      0.05906647299686303,
      0.05436215989157358,
      0.07518667853896444,
      0.057709665741194544,
      0.0497797427113175,
      0.058729000218937774,
      0.06895270024997738
    ],
    "lr_changes": []
  },
  "mc_eval": {
    "intervention_type": "ablation",
    "n_mc": 64,
    "asr_mean": 1.0,
    "asr_std": 0.0,
    "asr_median": 1.0,
    "asr_min": 1.0,
    "asr_max": 1.0,
    "asr_samples": [
      1.0,
      1.0,
      1.0,
      1.0,
      1.0,
      1.0,
      1.0,
      1.0,
      1.0,
      1.0,
      1.0,
      1.0,
      1.0,
      1.0,
      1.0,
      1.0,
      1.0,
      1.0,
      1.0,
      1.0,
      1.0,
      1.0,
      1.0,
      1.0,
      1.0,
      1.0,
      1.0,
      1.0,
      1.0,
      1.0,
      1.0,
      1.0,
      1.0,
      1.0,
      1.0,
      1.0,
      1.0,
      1.0,
      1.0,
      1.0,
      1.0,
      1.0,
      1.0,
      1.0,
      1.0,
      1.0,
      1.0,
      1.0,
      1.0,
      1.0,
      1.0,
      1.0,
      1.0,
      1.0,
      1.0,
      1.0,
      1.0,
      1.0,
      1.0,
      1.0,
      1.0,
      1.0,
      1.0,
      1.0
    ]
  },
  "mc_eval_ood": {
    "intervention_type": "ablation",
    "n_mc": 64,
    "asr_mean": 0.9982862903225806,
    "asr_std": 0.008827522217464336,
    "asr_median": 1.0,
    "asr_min": 0.9333333333333333,
    "asr_max": 1.0,
    "asr_samples": [
      1.0,
      1.0,
      1.0,
      0.9333333333333333,
      1.0,
      1.0,
      1.0,
      1.0,
      1.0,
      1.0,
      0.9956989247311828,
      1.0,
      1.0,
      1.0,
      1.0,
      1.0,
      1.0,
      1.0,
      1.0,
      1.0,
      1.0,
      1.0,
      1.0,
      1.0,
      1.0,
      1.0,
      1.0,
      1.0,
      1.0,
      1.0,
      1.0,
      1.0,
      1.0,
      1.0,
      1.0,
      1.0,
      1.0,
      1.0,
      0.9978494623655914,
      1.0,
      1.0,
      1.0,
      0.9956989247311828,
      1.0,
      1.0,
      1.0,
      0.9741935483870968,
      1.0,
      1.0,
      1.0,
      0.9978494623655914,
      1.0,
      1.0,
      0.9956989247311828,
      1.0,
      1.0,
      1.0,
      1.0,
      1.0,
      1.0,
      1.0,
      1.0,
      1.0,
      1.0
    ]
  }
}