{
  "model_name": "qwen-2.5-14b-instruct",
  "cone_dim": 3,
  "add_layer": 30,
  "alpha": 48.25,
  "weights_file": "qwen-2.5-14b-instruct_d3_20260527_172146_weights.pt",
  "metadata": {
    "add_layer": 30,
    "alpha": 48.25,
    "cone_dim": 3,
    "n_sample": 4,
    "optimize_basis": true,
    "training": {
      "lr": 0.01,
      "batch_size": 8,
      "effective_batch_size": 16,
      "epochs": 1,
      "patience": 5,
      "n_lr_reduce": 2,
      "n_sample": 4,
      "weight_decay": 0.0
    },
    "loss_weights": {
      "ablation": 1.0,
      "addition": 0.2,
      "retention": 1.0
    },
    "retain_window": 30
  },
  "results": {
    "lowest_loss": 29.546351342535612,
    "did_early_stop": true
  },
  "history_metrics": {
    "abl_loss": [
      7.6267744700113935,
      6.669701894124349,
      4.795321146647135,
      3.1040674845377603,
      1.1776224772135415,
      0.3515586853027343,
      0.40974299112955725,
      0.11981916427612305,
      0.04487572113672892,
      0.020615418752034504,
      0.05707895755767822,
      0.020813345909118652,
      0.031133890151977536,
      0.13219277064005533,
      0.014388561248779297,
      0.008640329043070475,
      0.006615559260050455,
      0.013982613881429035,
      0.035418192545572914,
      0.0487208366394043,
      0.014650662740071613,
      0.027198314666748047,
      0.030318895975748696,
      0.030862013498942055,
      0.048549016316731766,
      0.008182684580485025,
      0.027901967366536454,
      0.00880161921183268,
      0.011416117350260418,
      0.007000446319580077,
      0.00829490025838216,
      0.006705760955810547,
      0.014947414398193358
    ],
    "add_loss": [
      33.62825520833333,
      32.32942708333333,
      35.72265625,
      33.55794270833333,
      34.736979166666664,
      34.99348958333333,
      34.572265625,
      34.73828124999999,
      34.809244791666664,
      33.264322916666664,
      34.15625,
      32.97460937499999,
      33.978515625,
      33.55143229166666,
      33.36848958333333,
      31.652994791666664,
      33.12109374999999,
      28.976562499999996,
      33.440104166666664,
      31.396484375,
      32.934244791666664,
      33.045572916666664,
      30.430989583333332,
      31.909505208333332,
      33.19856770833333,
      33.145182291666664,
      32.986328125,
      33.09114583333333,
      33.46875,
      29.662760416666664,
      31.75911458333333,
      33.76432291666666,
      32.141276041666664
    ],
    "ret_loss": [
      0.520265342784788,
      4.179124479450204,
      4.413983949010721,
      3.4471898780007395,
      1.999845133487924,
      1.804346259500308,
      3.09961566915757,
      0.997521128185165,
      2.693770789230767,
      1.859309378114531,
      1.8828731302229587,
      1.5388177905043845,
      1.4011131763771478,
      1.37638036351029,
      0.3929412206331683,
      1.3132364492592532,
      0.44745352777229835,
      0.5558062286541885,
      2.6352710198277025,
      1.4439624563872209,
      0.4957857486925743,
      0.7987661410773921,
      0.5937263779786346,
      1.0649350149383379,
      0.9301853108094038,
      0.8155499476820176,
      0.454879751063907,
      0.22195259175665172,
      0.38711459920700914,
      0.3257619850636438,
      0.1866092847859654,
      0.18458155265258308,
      0.2480970699968
    ],
    "lr_changes": [
      45,
      55
    ]
  },
  "mc_eval": {
    "intervention_type": "ablation",
    "n_mc": 32,
    "asr_mean": 1.0,
    "asr_std": 0.0,
    "asr_median": 1.0,
    "asr_min": 1.0,
    "asr_max": 1.0,
    "asr_samples": [
      1.0,
      1.0,
      1.0,
      1.0,
      1.0,
      1.0,
      1.0,
      1.0,
      1.0,
      1.0,
      1.0,
      1.0,
      1.0,
      1.0,
      1.0,
      1.0,
      1.0,
      1.0,
      1.0,
      1.0,
      1.0,
      1.0,
      1.0,
      1.0,
      1.0,
      1.0,
      1.0,
      1.0,
      1.0,
      1.0,
      1.0,
      1.0
    ]
  },
  "mc_eval_ood": {
    "intervention_type": "ablation",
    "n_mc": 32,
    "asr_mean": 0.9375,
    "asr_std": 0.08916620472454018,
    "asr_median": 0.9731182795698925,
    "asr_min": 0.5849462365591398,
    "asr_max": 1.0,
    "asr_samples": [
      0.9483870967741935,
      0.9354838709677419,
      0.5849462365591398,
      0.8881720430107527,
      0.843010752688172,
      0.9397849462365592,
      0.946236559139785,
      0.989247311827957,
      0.9806451612903225,
      0.8666666666666667,
      0.9935483870967742,
      0.9161290322580645,
      0.9290322580645162,
      0.989247311827957,
      0.8989247311827957,
      0.9376344086021505,
      0.9698924731182795,
      0.9505376344086022,
      0.9956989247311828,
      0.9827956989247312,
      1.0,
      0.9913978494623656,
      0.9935483870967742,
      0.989247311827957,
      0.9849462365591398,
      0.989247311827957,
      0.989247311827957,
      0.6774193548387096,
      0.9763440860215054,
      0.9806451612903225,
      0.9483870967741935,
      0.9935483870967742
    ]
  }
}