{
  "model_name": "qwen-2.5-14b-instruct",
  "cone_dim": 4,
  "add_layer": 30,
  "alpha": 48.25,
  "weights_file": "qwen-2.5-14b-instruct_d4_20260527_174623_weights.pt",
  "metadata": {
    "add_layer": 30,
    "alpha": 48.25,
    "cone_dim": 4,
    "n_sample": 4,
    "optimize_basis": true,
    "training": {
      "lr": 0.01,
      "batch_size": 8,
      "effective_batch_size": 16,
      "epochs": 1,
      "patience": 5,
      "n_lr_reduce": 2,
      "n_sample": 4,
      "weight_decay": 0.0
    },
    "loss_weights": {
      "ablation": 1.0,
      "addition": 0.2,
      "retention": 1.0
    },
    "retain_window": 30
  },
  "results": {
    "lowest_loss": 27.512023918919375,
    "did_early_stop": true
  },
  "history_metrics": {
    "abl_loss": [
      5.576606750488281,
      6.291823387145996,
      4.2577736377716064,
      2.714585781097412,
      1.9134788513183594,
      0.5842099189758301,
      0.6731998920440674,
      0.2904543876647949,
      0.12699583172798157,
      0.3047557473182678,
      0.07748159766197205,
      0.04004621505737305,
      0.10862697660923004,
      0.45326685905456543,
      0.1322985589504242,
      0.007759258151054382,
      0.034811198711395264,
      0.020486846566200256,
      0.06810402870178223,
      0.06867939233779907,
      0.008509881794452667,
      0.016978710889816284,
      0.0030755996704101562,
      0.01143503189086914,
      0.01822631061077118,
      0.021684542298316956,
      0.011664014309644699,
      0.01749761775135994,
      0.007791012525558472,
      0.008422113955020905,
      0.011300206184387207,
      0.00644625723361969,
      0.005347289144992828,
      0.009727641940116882
    ],
    "add_loss": [
      31.232421875,
      31.91943359375,
      32.91259765625,
      30.59326171875,
      31.1845703125,
      30.68212890625,
      34.1279296875,
      29.26611328125,
      33.58251953125,
      33.51416015625,
      32.3603515625,
      31.05078125,
      31.49658203125,
      31.69677734375,
      29.61962890625,
      27.30322265625,
      31.64892578125,
      32.85400390625,
      26.88720703125,
      28.2373046875,
      29.55322265625,
      30.26953125,
      30.79345703125,
      29.6943359375,
      30.84326171875,
      32.259765625,
      29.66552734375,
      28.51953125,
      31.15283203125,
      30.00048828125,
      29.5263671875,
      30.48583984375,
      29.4619140625,
      29.31884765625
    ],
    "ret_loss": [
      2.6317010517031383,
      26.542815663154723,
      16.901286634486564,
      10.435585377153842,
      7.690809583506178,
      5.463035035153695,
      7.813241067049163,
      2.3150083788445985,
      1.7919271045841885,
      1.1969530805299975,
      0.603066395892959,
      0.5190742111483742,
      0.9902001978548666,
      1.067091531100283,
      0.5294216392460223,
      0.5525609117791933,
      0.24119956982610405,
      0.4953683412214454,
      0.5567128589675922,
      0.5345408291574246,
      0.46137377834182836,
      0.43194132593595425,
      0.6481016565477988,
      1.859781940979987,
      0.41664261946300085,
      0.2842698569548989,
      0.5621030865646859,
      0.28715400022985876,
      0.21177829250422095,
      0.19962893552407845,
      0.21373659410504753,
      0.31082572079174847,
      0.14024850518891818,
      0.2181359992434371
    ],
    "lr_changes": [
      47,
      57
    ]
  },
  "mc_eval": {
    "intervention_type": "ablation",
    "n_mc": 32,
    "asr_mean": 0.9938756281407035,
    "asr_std": 0.033208020383637085,
    "asr_median": 1.0,
    "asr_min": 0.8090452261306532,
    "asr_max": 1.0,
    "asr_samples": [
      1.0,
      0.8090452261306532,
      1.0,
      1.0,
      1.0,
      1.0,
      1.0,
      1.0,
      1.0,
      1.0,
      1.0,
      1.0,
      1.0,
      1.0,
      1.0,
      1.0,
      1.0,
      1.0,
      1.0,
      0.9949748743718593,
      1.0,
      1.0,
      1.0,
      1.0,
      1.0,
      1.0,
      1.0,
      1.0,
      1.0,
      1.0,
      1.0,
      1.0
    ]
  },
  "mc_eval_ood": {
    "intervention_type": "ablation",
    "n_mc": 32,
    "asr_mean": 0.8936827956989247,
    "asr_std": 0.22784977793063746,
    "asr_median": 0.9903225806451613,
    "asr_min": 0.11612903225806452,
    "asr_max": 1.0,
    "asr_samples": [
      0.9913978494623656,
      1.0,
      0.9440860215053763,
      0.9913978494623656,
      1.0,
      0.978494623655914,
      1.0,
      1.0,
      0.9268817204301075,
      0.9182795698924732,
      0.37849462365591396,
      0.989247311827957,
      0.15913978494623657,
      0.9161290322580645,
      0.9290322580645162,
      0.8688172043010752,
      1.0,
      0.989247311827957,
      1.0,
      0.11612903225806452,
      0.9913978494623656,
      0.9526881720430107,
      0.9956989247311828,
      0.9956989247311828,
      0.9870967741935484,
      0.9956989247311828,
      1.0,
      0.9913978494623656,
      1.0,
      0.8881720430107527,
      1.0,
      0.7032258064516129
    ]
  }
}