{
  "model_name": "qwen-2.5-7b-instruct",
  "cone_dim": 3,
  "add_layer": 18,
  "alpha": 26.609375,
  "weights_file": "qwen-2.5-7b-instruct_d3_20260527_104237_weights.pt",
  "metadata": {
    "add_layer": 18,
    "alpha": 26.609375,
    "cone_dim": 3,
    "n_sample": 4,
    "optimize_basis": true,
    "training": {
      "lr": 0.01,
      "batch_size": 8,
      "effective_batch_size": 16,
      "epochs": 1,
      "patience": 5,
      "n_lr_reduce": 2,
      "n_sample": 4,
      "weight_decay": 0.0
    },
    "loss_weights": {
      "ablation": 1.0,
      "addition": 0.2,
      "retention": 1.0
    },
    "retain_window": 30
  },
  "results": {
    "lowest_loss": 32.490203690179506,
    "did_early_stop": true
  },
  "history_metrics": {
    "abl_loss": [
      8.476992130279541,
      8.31963841120402,
      7.982826232910155,
      11.47406005859375,
      6.683817545572917,
      5.257428487141927,
      3.7046216328938804,
      3.2814833323160806,
      3.309492746988932,
      3.135442733764649,
      2.839459101359049,
      2.9087031682332354,
      2.4426577885945635,
      2.31514040629069,
      2.2046028772989907,
      2.164282480875651,
      2.046175161997477,
      2.0281855265299478,
      2.1273412704467773
    ],
    "add_loss": [
      29.479166666666664,
      28.635416666666668,
      28.361979166666664,
      30.192057291666664,
      30.404296875,
      29.382161458333332,
      30.113932291666664,
      27.942057291666664,
      28.381510416666668,
      28.048177083333332,
      28.853515625,
      28.072265624999996,
      28.30859375,
      28.853515625,
      29.699218749999996,
      28.146484374999996,
      28.26302083333333,
      29.490885416666664,
      29.196614583333332
    ],
    "ret_loss": [
      3.879281140373832,
      29.409086263325634,
      34.31996994348592,
      3.814210862026437,
      33.8502746766609,
      19.742770444050098,
      2.3695013596899797,
      1.3663016061660218,
      0.7992005265239018,
      21.549342555125577,
      10.940897573016272,
      4.719577665497956,
      6.703038478700324,
      2.930925097524416,
      9.600110236272153,
      6.722525143662958,
      5.39590953275484,
      19.30125559793665,
      2.150170118813419
    ],
    "lr_changes": [
      11,
      27
    ]
  },
  "mc_eval": {
    "intervention_type": "ablation",
    "n_mc": 32,
    "asr_mean": 1.0,
    "asr_std": 0.0,
    "asr_median": 1.0,
    "asr_min": 1.0,
    "asr_max": 1.0,
    "asr_samples": [
      1.0,
      1.0,
      1.0,
      1.0,
      1.0,
      1.0,
      1.0,
      1.0,
      1.0,
      1.0,
      1.0,
      1.0,
      1.0,
      1.0,
      1.0,
      1.0,
      1.0,
      1.0,
      1.0,
      1.0,
      1.0,
      1.0,
      1.0,
      1.0,
      1.0,
      1.0,
      1.0,
      1.0,
      1.0,
      1.0,
      1.0,
      1.0
    ]
  },
  "mc_eval_ood": {
    "intervention_type": "ablation",
    "n_mc": 32,
    "asr_mean": 0.9865591397849462,
    "asr_std": 0.03278688406126737,
    "asr_median": 1.0,
    "asr_min": 0.8688172043010752,
    "asr_max": 1.0,
    "asr_samples": [
      1.0,
      0.9956989247311828,
      1.0,
      1.0,
      0.9741935483870968,
      1.0,
      0.978494623655914,
      1.0,
      1.0,
      1.0,
      1.0,
      1.0,
      1.0,
      1.0,
      0.9806451612903225,
      0.9720430107526882,
      1.0,
      1.0,
      0.8688172043010752,
      1.0,
      1.0,
      1.0,
      1.0,
      0.9182795698924732,
      1.0,
      1.0,
      1.0,
      1.0,
      1.0,
      0.8817204301075269,
      1.0,
      1.0
    ]
  }
}