{
  "model_name": "qwen-2.5-1.5b-instruct",
  "cone_dim": 4,
  "add_layer": 17,
  "alpha": 13.049909591674805,
  "weights_file": "qwen-2.5-1.5b-instruct_d4_20260521_013121_weights.pt",
  "metadata": {
    "add_layer": 17,
    "alpha": 13.049909591674805,
    "cone_dim": 4,
    "n_sample": 4,
    "optimize_basis": true,
    "training": {
      "lr": 0.01,
      "batch_size": 1,
      "effective_batch_size": 16,
      "epochs": 1,
      "patience": 5,
      "n_lr_reduce": 2,
      "n_sample": 4,
      "weight_decay": 0.0
    },
    "loss_weights": {
      "ablation": 1.0,
      "addition": 0.2,
      "retention": 1.0
    },
    "retain_window": 30
  },
  "results": {
    "lowest_loss": 0.06123484539020199,
    "did_early_stop": false
  },
  "history_metrics": {
    "abl_loss": [
      5.228089317132259,
      3.573162495484212,
      2.0589391729808995,
      1.349100732349143,
      0.8825063929662065,
      0.4455186637806037,
      0.2664134365973041,
      0.22917925198260036,
      0.15568605789906087,
      0.09127173991241477,
      0.060510498193252715,
      0.043625152772165166,
      0.04764936645219109,
      0.04355696847761692,
      0.04200736504407132,
      0.026761777177796375,
      0.02958265570029539,
      0.0162186380510434,
      0.017299641630415863,
      0.013834813782978017,
      0.009918844632920809,
      0.04839169120536724,
      0.0068992075769642724,
      0.010614815605180183,
      0.008148172122062647,
      0.004436445461863059,
      0.005209126731500646,
      0.003739361550799458,
      0.005595436900350137,
      0.007962475206511499,
      0.010207582579553787,
      0.00630629709272057,
      0.009399539462691564,
      0.0036923363813912147,
      0.0056940616491374385,
      0.008553720824188815,
      0.004972594585737511,
      0.006628267118358622,
      0.027731541947360938,
      0.0036319399603712554,
      0.007813455174215278,
      0.0028469140414415506,
      0.005246609231647881,
      0.012414071419186712,
      0.00261262043974142,
      0.003041872391918332,
      0.0030628370969907337,
      0.003182844154238751,
      0.003059267470433724
    ],
    "add_loss": [
      4.75656646233783,
      3.9988899700401817,
      3.247859814291587,
      3.168906400014748,
      2.9941540984823405,
      3.00918065336748,
      2.7478181274968847,
      2.4593775595639045,
      2.148948097584025,
      1.77923349048163,
      1.38374228373101,
      1.179544292824744,
      0.9505843578941722,
      0.7214057729959791,
      0.571986477147675,
      0.5354293293307251,
      0.33488250705619294,
      0.17813068641376617,
      0.12048917380556645,
      0.12288210443962555,
      0.04474482239838551,
      0.060668124538835855,
      0.04946782606393896,
      0.031971186608700464,
      0.02455871713582347,
      0.02478063555480503,
      0.028939915442990127,
      0.053490007260972305,
      0.06986821776279939,
      0.013867346739502295,
      0.02215121715325097,
      0.02988999092127642,
      0.01692174242440103,
      0.024240670626340943,
      0.030169914029073652,
      0.03446219867379341,
      0.12555334741540491,
      0.05973054516940124,
      0.019084254838361403,
      0.04388922012694252,
      0.014541640199496442,
      0.013026211263024834,
      0.010541058347939725,
      0.009636911249629065,
      0.010776731296161302,
      0.011001306329546878,
      0.011231780990954121,
      0.02071291135976594,
      0.019538351902099294
    ],
    "ret_loss": [
      0.12608532798484795,
      0.5097213802410142,
      0.3432388123767988,
      0.3066368996263042,
      0.46036828446670897,
      0.43865495743190197,
      0.4208666592269548,
      0.26574319222973763,
      0.21744203058290063,
      0.15942246358641032,
      0.16260232793987095,
      0.15390238841727719,
      0.12652360753353434,
      0.15970305695737835,
      0.11450728489105545,
      0.10869359920322251,
      0.08677272103801159,
      0.09151669510154692,
      0.09220280175071943,
      0.11385831288939256,
      0.0884046416729347,
      0.11928842856606334,
      0.0973798690665198,
      0.11912879320239976,
      0.07818845604910019,
      0.10033025579116904,
      0.07564332456179884,
      0.0907171957354445,
      0.09471911510683494,
      0.06829043070419841,
      0.10010998375376697,
      0.07506990748425127,
      0.07412828514790358,
      0.06496637506849495,
      0.08048431377591916,
      0.055539354592028606,
      0.05967878991966003,
      0.06341118292334873,
      0.04756759944679152,
      0.047604569507545186,
      0.06354412601666293,
      0.05972646910577734,
      0.05089828168033774,
      0.05611681159374327,
      0.05899471036655156,
      0.04719166666873678,
      0.06263738822699684,
      0.08522238059676425,
      0.07107172950023627
    ],
    "lr_changes": [
      559,
      639
    ]
  },
  "mc_eval": {
    "intervention_type": "ablation",
    "n_mc": 64,
    "asr_mean": 1.0,
    "asr_std": 0.0,
    "asr_median": 1.0,
    "asr_min": 1.0,
    "asr_max": 1.0,
    "asr_samples": [
      1.0,
      1.0,
      1.0,
      1.0,
      1.0,
      1.0,
      1.0,
      1.0,
      1.0,
      1.0,
      1.0,
      1.0,
      1.0,
      1.0,
      1.0,
      1.0,
      1.0,
      1.0,
      1.0,
      1.0,
      1.0,
      1.0,
      1.0,
      1.0,
      1.0,
      1.0,
      1.0,
      1.0,
      1.0,
      1.0,
      1.0,
      1.0,
      1.0,
      1.0,
      1.0,
      1.0,
      1.0,
      1.0,
      1.0,
      1.0,
      1.0,
      1.0,
      1.0,
      1.0,
      1.0,
      1.0,
      1.0,
      1.0,
      1.0,
      1.0,
      1.0,
      1.0,
      1.0,
      1.0,
      1.0,
      1.0,
      1.0,
      1.0,
      1.0,
      1.0,
      1.0,
      1.0,
      1.0,
      1.0
    ]
  },
  "mc_eval_ood": {
    "intervention_type": "ablation",
    "n_mc": 64,
    "asr_mean": 0.9865591397849462,
    "asr_std": 0.05390036328034165,
    "asr_median": 1.0,
    "asr_min": 0.6129032258064516,
    "asr_max": 1.0,
    "asr_samples": [
      1.0,
      1.0,
      1.0,
      1.0,
      1.0,
      0.9376344086021505,
      0.8451612903225807,
      1.0,
      1.0,
      0.9505376344086022,
      1.0,
      0.9935483870967742,
      0.8731182795698925,
      1.0,
      1.0,
      1.0,
      1.0,
      1.0,
      1.0,
      0.9913978494623656,
      1.0,
      1.0,
      1.0,
      1.0,
      0.9978494623655914,
      1.0,
      1.0,
      1.0,
      1.0,
      1.0,
      1.0,
      1.0,
      1.0,
      1.0,
      0.9956989247311828,
      1.0,
      1.0,
      1.0,
      1.0,
      1.0,
      1.0,
      0.9978494623655914,
      1.0,
      1.0,
      1.0,
      1.0,
      1.0,
      1.0,
      0.978494623655914,
      1.0,
      1.0,
      1.0,
      0.9978494623655914,
      1.0,
      1.0,
      0.6129032258064516,
      1.0,
      0.9913978494623656,
      1.0,
      1.0,
      1.0,
      0.9763440860215054,
      1.0,
      1.0
    ]
  }
}