{
  "model_name": "qwen-2.5-7b-instruct",
  "cone_dim": 4,
  "add_layer": 18,
  "alpha": 26.609375,
  "weights_file": "qwen-2.5-7b-instruct_d4_20260527_105450_weights.pt",
  "metadata": {
    "add_layer": 18,
    "alpha": 26.609375,
    "cone_dim": 4,
    "n_sample": 4,
    "optimize_basis": true,
    "training": {
      "lr": 0.01,
      "batch_size": 8,
      "effective_batch_size": 16,
      "epochs": 1,
      "patience": 5,
      "n_lr_reduce": 2,
      "n_sample": 4,
      "weight_decay": 0.0
    },
    "loss_weights": {
      "ablation": 1.0,
      "addition": 0.2,
      "retention": 1.0
    },
    "retain_window": 30
  },
  "results": {
    "lowest_loss": 25.790889997502003,
    "did_early_stop": true
  },
  "history_metrics": {
    "abl_loss": [
      8.28987979888916,
      7.06183385848999,
      7.53941023349762,
      5.6031622886657715,
      4.47763991355896,
      3.7407182343304157,
      3.09580697119236,
      2.602924659848213,
      1.8562260381877422,
      1.2650264203548431,
      0.609808087348938,
      0.2910224348306656,
      0.21246232092380524,
      0.3086613714694977,
      0.06618419289588928,
      0.15210431814193726,
      0.39365754276514053,
      0.5117120742797852,
      0.22186279296875,
      0.09584678709506989,
      0.13775116205215454,
      0.039349623024463654,
      0.026609361171722412,
      0.03695148229598999,
      0.013558968901634216,
      0.010157104581594467,
      0.01007261872291565,
      0.027377478778362274,
      0.013277590274810791,
      0.05843095853924751,
      0.013021677732467651,
      0.01417812705039978,
      0.007443375885486603,
      0.01718616858124733,
      0.023166000843048096
    ],
    "add_loss": [
      29.416015625,
      26.96826171875,
      26.98388671875,
      27.1279296875,
      26.90771484375,
      27.16015625,
      27.02587890625,
      26.22314453125,
      27.26123046875,
      26.30908203125,
      25.3369140625,
      26.79541015625,
      27.24267578125,
      25.35498046875,
      26.37060546875,
      25.74169921875,
      25.73779296875,
      26.57275390625,
      27.16650390625,
      26.6376953125,
      26.13330078125,
      25.1787109375,
      25.55859375,
      25.4248046875,
      24.77197265625,
      26.3251953125,
      26.24462890625,
      26.076171875,
      26.6494140625,
      26.23388671875,
      25.927734375,
      26.23828125,
      26.8876953125,
      26.3779296875,
      26.86328125
    ],
    "ret_loss": [
      6.949260168456245,
      27.076949286764638,
      3.347699601880435,
      1.047357802003659,
      10.233630967120062,
      20.492064386584126,
      9.078991072123562,
      4.31804555975665,
      1.495140622973274,
      0.5446565046351163,
      15.384869693060132,
      10.139639027663229,
      16.981975189235136,
      1.5746465889159047,
      0.5687890873228929,
      6.427711156601345,
      11.240969092461626,
      7.603027034687091,
      0.8473089410604266,
      4.139362531716912,
      0.4171782689554061,
      0.8401382248608354,
      4.769944874693144,
      2.031969461676022,
      1.0053583723503696,
      5.689209701439221,
      2.7847186445302365,
      0.724875433146943,
      0.5521796756077528,
      1.8126526095807767,
      1.5409617762737617,
      0.5976607951921218,
      0.5244285964836747,
      1.2342443267890337,
      0.2832829111115354
    ],
    "lr_changes": [
      39,
      59
    ]
  },
  "mc_eval": {
    "intervention_type": "ablation",
    "n_mc": 32,
    "asr_mean": 1.0,
    "asr_std": 0.0,
    "asr_median": 1.0,
    "asr_min": 1.0,
    "asr_max": 1.0,
    "asr_samples": [
      1.0,
      1.0,
      1.0,
      1.0,
      1.0,
      1.0,
      1.0,
      1.0,
      1.0,
      1.0,
      1.0,
      1.0,
      1.0,
      1.0,
      1.0,
      1.0,
      1.0,
      1.0,
      1.0,
      1.0,
      1.0,
      1.0,
      1.0,
      1.0,
      1.0,
      1.0,
      1.0,
      1.0,
      1.0,
      1.0,
      1.0,
      1.0
    ]
  },
  "mc_eval_ood": {
    "intervention_type": "ablation",
    "n_mc": 32,
    "asr_mean": 0.993481182795699,
    "asr_std": 0.029049598440549468,
    "asr_median": 1.0,
    "asr_min": 0.832258064516129,
    "asr_max": 1.0,
    "asr_samples": [
      1.0,
      0.9913978494623656,
      1.0,
      0.9978494623655914,
      1.0,
      1.0,
      1.0,
      0.9956989247311828,
      1.0,
      1.0,
      0.9978494623655914,
      1.0,
      1.0,
      1.0,
      1.0,
      1.0,
      1.0,
      1.0,
      1.0,
      0.9913978494623656,
      1.0,
      0.832258064516129,
      1.0,
      0.9956989247311828,
      1.0,
      1.0,
      0.9956989247311828,
      0.9978494623655914,
      0.9978494623655914,
      0.9978494623655914,
      1.0,
      1.0
    ]
  }
}