{
  "model_name": "qwen-2.5-14b-instruct",
  "cone_dim": 2,
  "add_layer": 30,
  "alpha": 48.25,
  "weights_file": "qwen-2.5-14b-instruct_d2_20260527_165917_weights.pt",
  "metadata": {
    "add_layer": 30,
    "alpha": 48.25,
    "cone_dim": 2,
    "n_sample": 4,
    "optimize_basis": true,
    "training": {
      "lr": 0.01,
      "batch_size": 8,
      "effective_batch_size": 16,
      "epochs": 1,
      "patience": 5,
      "n_lr_reduce": 2,
      "n_sample": 4,
      "weight_decay": 0.0
    },
    "loss_weights": {
      "ablation": 1.0,
      "addition": 0.2,
      "retention": 1.0
    },
    "retain_window": 30
  },
  "results": {
    "lowest_loss": 33.31404596875014,
    "did_early_stop": true
  },
  "history_metrics": {
    "abl_loss": [
      30.146484375,
      25.19482421875,
      17.5048828125,
      11.587158203125,
      5.355133056640625,
      2.2815303802490234,
      0.3087998628616333,
      0.04349851608276367,
      0.022711098194122314,
      0.07549159228801727,
      0.007238268852233887,
      0.005303472280502319,
      0.01060265302658081,
      0.061662137508392334,
      0.009186506271362305,
      0.005582839250564575,
      0.009244084358215332,
      0.005885779857635498,
      0.010872840881347656,
      0.008908867835998535,
      0.003680109977722168,
      0.005126625299453735,
      0.004372656345367432,
      0.006857633590698242,
      0.0034964382648468018,
      0.010586857795715332,
      0.005619823932647705,
      0.007334589958190918
    ],
    "add_loss": [
      40.3232421875,
      40.708984375,
      37.0029296875,
      39.0556640625,
      33.05078125,
      37.4892578125,
      40.22265625,
      40.0751953125,
      34.72265625,
      37.8837890625,
      39.103515625,
      37.1337890625,
      38.716796875,
      37.751953125,
      37.330078125,
      38.1640625,
      36.9228515625,
      39.2587890625,
      39.0576171875,
      36.595703125,
      36.994140625,
      38.9150390625,
      32.9326171875,
      37.34765625,
      36.0263671875,
      35.0732421875,
      35.8271484375,
      38.052734375
    ],
    "ret_loss": [
      1.4735058531447376,
      2.4050760437218934,
      2.5869855765177325,
      2.059842774147152,
      4.437277967469114,
      1.4392309348178594,
      1.630856370503572,
      0.5840717536530935,
      0.7938564834711909,
      0.5485134269899145,
      0.48775707310221506,
      2.5904383879569868,
      0.6326141423597905,
      0.655455521330466,
      1.0974342508807085,
      1.689140700158256,
      1.84882428283689,
      1.2714079001915495,
      0.644392149597498,
      0.2335221365506947,
      0.21526598224931304,
      0.30766865871015325,
      0.37705612490477525,
      0.28616028674969274,
      0.3425326532964612,
      0.3208004336891077,
      0.164021626695039,
      0.4690475936219146
    ],
    "lr_changes": [
      27,
      37
    ]
  },
  "mc_eval": {
    "intervention_type": "ablation",
    "n_mc": 32,
    "asr_mean": 1.0,
    "asr_std": 0.0,
    "asr_median": 1.0,
    "asr_min": 1.0,
    "asr_max": 1.0,
    "asr_samples": [
      1.0,
      1.0,
      1.0,
      1.0,
      1.0,
      1.0,
      1.0,
      1.0,
      1.0,
      1.0,
      1.0,
      1.0,
      1.0,
      1.0,
      1.0,
      1.0,
      1.0,
      1.0,
      1.0,
      1.0,
      1.0,
      1.0,
      1.0,
      1.0,
      1.0,
      1.0,
      1.0,
      1.0,
      1.0,
      1.0,
      1.0,
      1.0
    ]
  },
  "mc_eval_ood": {
    "intervention_type": "ablation",
    "n_mc": 32,
    "asr_mean": 0.9984543010752687,
    "asr_std": 0.0009669015167969383,
    "asr_median": 0.9978494623655914,
    "asr_min": 0.9978494623655914,
    "asr_max": 1.0,
    "asr_samples": [
      0.9978494623655914,
      0.9978494623655914,
      1.0,
      0.9978494623655914,
      0.9978494623655914,
      1.0,
      0.9978494623655914,
      0.9978494623655914,
      0.9978494623655914,
      1.0,
      0.9978494623655914,
      0.9978494623655914,
      1.0,
      0.9978494623655914,
      1.0,
      1.0,
      0.9978494623655914,
      0.9978494623655914,
      0.9978494623655914,
      0.9978494623655914,
      0.9978494623655914,
      0.9978494623655914,
      0.9978494623655914,
      0.9978494623655914,
      0.9978494623655914,
      0.9978494623655914,
      0.9978494623655914,
      1.0,
      1.0,
      0.9978494623655914,
      0.9978494623655914,
      1.0
    ]
  }
}