{
  "schema_version": "1.0",
  "produced_by": "experiment_3",
  "timestamp": "2026-05-20T01:33:36.901088",
  "cone_dims": [
    1,
    2,
    3,
    4
  ],
  "models": {
    "qwen-2.5-1.5b-instruct": {
      "add_layer": 17,
      "alpha": 13.049909591674805,
      "cone_dims_evaluated": [
        1,
        2,
        3,
        4
      ],
      "cones": {
        "2": {
          "weights_file": "qwen-2.5-1.5b-instruct_d2_20260520_201923_weights.pt",
          "basis_key": "best_vectors",
          "mc_asr_ablation": {
            "n_mc": 64,
            "mean": 1.0,
            "std": 0.0,
            "median": 1.0,
            "min": 1.0,
            "max": 1.0
          },
          "mc_asr_ablation_ood": {
            "n_mc": 64,
            "mean": 0.9982862903225806,
            "std": 0.008827522217464336,
            "median": 1.0,
            "min": 0.9333333333333333,
            "max": 1.0
          },
          "lowest_loss": 0.05504998019909572,
          "did_early_stop": false
        },
        "3": {
          "weights_file": "qwen-2.5-1.5b-instruct_d3_20260520_214244_weights.pt",
          "basis_key": "best_vectors",
          "mc_asr_ablation": {
            "n_mc": 64,
            "mean": 1.0,
            "std": 0.0,
            "median": 1.0,
            "min": 1.0,
            "max": 1.0
          },
          "mc_asr_ablation_ood": {
            "n_mc": 64,
            "mean": 0.998622311827957,
            "std": 0.0019887818221717363,
            "median": 1.0,
            "min": 0.989247311827957,
            "max": 1.0
          },
          "lowest_loss": 0.05270753439896922,
          "did_early_stop": false
        },
        "4": {
          "weights_file": "qwen-2.5-1.5b-instruct_d4_20260521_013121_weights.pt",
          "basis_key": "best_vectors",
          "mc_asr_ablation": {
            "n_mc": 64,
            "mean": 1.0,
            "std": 0.0,
            "median": 1.0,
            "min": 1.0,
            "max": 1.0
          },
          "mc_asr_ablation_ood": {
            "n_mc": 64,
            "mean": 0.9865591397849462,
            "std": 0.05390036328034165,
            "median": 1.0,
            "min": 0.6129032258064516,
            "max": 1.0
          },
          "lowest_loss": 0.06123484539020199,
          "did_early_stop": false
        },
        "1": {
          "weights_file": "qwen-2.5-1.5b-instruct_20260515_001755_weights.pt",
          "basis_key": "best_vectors"
        }
      },
      "optimal_dim": 3
    },
    "qwen-2.5-7b-instruct": {
      "add_layer": 18,
      "alpha": 26.609375,
      "cone_dims_evaluated": [
        1,
        2,
        3,
        4
      ],
      "cones": {
        "2": {
          "weights_file": "qwen-2.5-7b-instruct_d2_20260527_103341_weights.pt",
          "basis_key": "best_vectors",
          "mc_asr_ablation": {
            "mean": 1.0,
            "std": 0.0,
            "median": 1.0,
            "min": 1.0,
            "max": 1.0
          },
          "mc_asr_ablation_ood": {
            "mean": 0.6820564516129033,
            "std": 0.13496455919713227,
            "median": 0.6053763440860215,
            "min": 0.4881720430107527,
            "max": 0.9075268817204301
          },
          "lowest_loss": 26.55386762648059,
          "did_early_stop": true
        },
        "3": {
          "weights_file": "qwen-2.5-7b-instruct_d3_20260527_104237_weights.pt",
          "basis_key": "best_vectors",
          "mc_asr_ablation": {
            "mean": 1.0,
            "std": 0.0,
            "median": 1.0,
            "min": 1.0,
            "max": 1.0
          },
          "mc_asr_ablation_ood": {
            "mean": 0.9865591397849462,
            "std": 0.03278688406126737,
            "median": 1.0,
            "min": 0.8688172043010752,
            "max": 1.0
          },
          "lowest_loss": 32.490203690179506,
          "did_early_stop": true
        },
        "4": {
          "weights_file": "qwen-2.5-7b-instruct_d4_20260527_105450_weights.pt",
          "basis_key": "best_vectors",
          "mc_asr_ablation": {
            "mean": 1.0,
            "std": 0.0,
            "median": 1.0,
            "min": 1.0,
            "max": 1.0
          },
          "mc_asr_ablation_ood": {
            "mean": 0.993481182795699,
            "std": 0.029049598440549468,
            "median": 1.0,
            "min": 0.832258064516129,
            "max": 1.0
          },
          "lowest_loss": 25.790889997502003,
          "did_early_stop": true
        },
        "1": {
          "weights_file": "qwen-2.5-7b-instruct_20260515_004324_weights.pt",
          "basis_key": "best_vectors"
        }
      },
      "optimal_dim": 2
    },
    "qwen-2.5-14b-instruct": {
      "add_layer": 30,
      "alpha": 48.25,
      "cone_dims_evaluated": [
        1,
        2,
        3,
        4
      ],
      "cones": {
        "2": {
          "weights_file": "qwen-2.5-14b-instruct_d2_20260527_165917_weights.pt",
          "basis_key": "best_vectors",
          "mc_asr_ablation": {
            "mean": 1.0,
            "std": 0.0,
            "median": 1.0,
            "min": 1.0,
            "max": 1.0
          },
          "mc_asr_ablation_ood": {
            "mean": 0.9984543010752687,
            "std": 0.0009669015167969383,
            "median": 0.9978494623655914,
            "min": 0.9978494623655914,
            "max": 1.0
          },
          "lowest_loss": 33.31404596875014,
          "did_early_stop": true
        },
        "3": {
          "weights_file": "qwen-2.5-14b-instruct_d3_20260527_172146_weights.pt",
          "basis_key": "best_vectors",
          "mc_asr_ablation": {
            "mean": 1.0,
            "std": 0.0,
            "median": 1.0,
            "min": 1.0,
            "max": 1.0
          },
          "mc_asr_ablation_ood": {
            "mean": 0.9375,
            "std": 0.08916620472454018,
            "median": 0.9731182795698925,
            "min": 0.5849462365591398,
            "max": 1.0
          },
          "lowest_loss": 29.546351342535612,
          "did_early_stop": true
        },
        "4": {
          "weights_file": "qwen-2.5-14b-instruct_d4_20260527_174623_weights.pt",
          "basis_key": "best_vectors",
          "mc_asr_ablation": {
            "mean": 0.9938756281407035,
            "std": 0.033208020383637085,
            "median": 1.0,
            "min": 0.8090452261306532,
            "max": 1.0
          },
          "mc_asr_ablation_ood": {
            "mean": 0.8936827956989247,
            "std": 0.22784977793063746,
            "median": 0.9903225806451613,
            "min": 0.11612903225806452,
            "max": 1.0
          },
          "lowest_loss": 27.512023918919375,
          "did_early_stop": true
        },
        "1": {
          "weights_file": "qwen-2.5-14b-instruct_20260515_015114_weights.pt",
          "basis_key": "best_vectors"
        }
      },
      "optimal_dim": 2
    },
    "gemma-2-2b-it": {
      "add_layer": 15,
      "alpha": 84.5228271484375,
      "cone_dims_evaluated": [
        1,
        2,
        3,
        4
      ],
      "cones": {
        "2": {
          "weights_file": "gemma-2-2b-it_d2_20260520_205202_weights.pt",
          "basis_key": "best_vectors",
          "mc_asr_ablation": {
            "mean": 1.0,
            "std": 0.0,
            "median": 1.0,
            "min": 1.0,
            "max": 1.0
          },
          "mc_asr_ablation_ood": {
            "mean": 1.0,
            "std": 0.0,
            "median": 1.0,
            "min": 1.0,
            "max": 1.0
          },
          "lowest_loss": 0.027984604153594526,
          "did_early_stop": false
        },
        "3": {
          "weights_file": "gemma-2-2b-it_d3_20260520_224004_weights.pt",
          "basis_key": "best_vectors",
          "mc_asr_ablation": {
            "n_mc": 64,
            "mean": 0.9996859296482412,
            "std": 0.0012163892418993196,