{
  "model_name": "gemma-2-2b-it",
  "n_retain_prompts": 100,
  "kl_threshold": 0.1,
  "n_mc_kl": 32,
  "logit_window": 30,
  "cone_dims": {
    "1": {
      "mc_kl_mean": 0.027671130403552905,
      "mc_kl_std": 0.0,
      "basis_kl": [
        0.027671130403552905
      ],
      "basis_kl_mean": 0.027671130403552905,
      "surgical": true,
      "n_mc": 32
    },
    "2": {
      "mc_kl_mean": 0.004226299107622875,
      "mc_kl_std": 0.0013155987652671338,
      "basis_kl": [
        0.004492152554233219,
        0.00203362425449713
      ],
      "basis_kl_mean": 0.0032628884043651744,
      "surgical": true,
      "n_mc": 32
    },
    "3": {
      "mc_kl_mean": 0.00731201041959265,
      "mc_kl_std": 0.0013991691932202467,
      "basis_kl": [
        0.002885693141443167,
        0.004757208900690424,
        0.004514732015365556
      ],
      "basis_kl_mean": 0.004052544685833049,
      "surgical": true,
      "n_mc": 32
    },
    "4": {
      "mc_kl_mean": 0.0118021843583782,
      "mc_kl_std": 0.0049412910845285435,
      "basis_kl": [
        0.012234155095467323,
        0.012151488548759339,
        0.0032566146284407935,
        0.00436931940837912
      ],
      "basis_kl_mean": 0.008002894420261645,
      "surgical": true,
      "n_mc": 32
    }
  }
}