{
  "model_name": "gemma-2-9b-it",
  "n_retain_prompts": 100,
  "kl_threshold": 0.1,
  "n_mc_kl": 32,
  "logit_window": 30,
  "cone_dims": {
    "1": {
      "mc_kl_mean": 0.048048647513542014,
      "mc_kl_std": 0.0,
      "basis_kl": [
        0.048048647513542014
      ],
      "basis_kl_mean": 0.048048647513542014,
      "surgical": true,
      "n_mc": 32
    },
    "2": {
      "mc_kl_mean": 0.0010094875325570895,
      "mc_kl_std": 0.0001160746023659843,
      "basis_kl": [
        0.0007664942480806367,
        0.0008949274028967138
      ],
      "basis_kl_mean": 0.0008307108254886753,
      "surgical": true,
      "n_mc": 32
    },
    "3": {
      "mc_kl_mean": 0.0008662750145516303,
      "mc_kl_std": 0.00019268719970477966,
      "basis_kl": [
        0.0007850102423914463,
        0.000628634786747142,
        0.0012514139052922863
      ],
      "basis_kl_mean": 0.0008883529781436248,
      "surgical": true,
      "n_mc": 32
    },
    "4": {
      "mc_kl_mean": 0.0020911897830943934,
      "mc_kl_std": 0.0007215432514901828,
      "basis_kl": [
        0.0012034300767059353,
        0.001320400691886439,
        0.002316640881542169,
        0.0011838473151905152
      ],
      "basis_kl_mean": 0.0015060797413312646,
      "surgical": true,
      "n_mc": 32
    }
  }
}