{
  "model_name": "llama-3.1-8b-instruct",
  "n_retain_prompts": 100,
  "kl_threshold": 0.1,
  "n_mc_kl": 32,
  "logit_window": 30,
  "cone_dims": {
    "1": {
      "mc_kl_mean": 0.28184039222567453,
      "mc_kl_std": 0.0,
      "basis_kl": [
        0.28184039222567453
      ],
      "basis_kl_mean": 0.28184039222567453,
      "surgical": false,
      "n_mc": 32
    },
    "2": {
      "mc_kl_mean": 0.017255224815770794,
      "mc_kl_std": 0.002313892099662566,
      "basis_kl": [
        0.022706363395305292,
        0.013900363330462859
      ],
      "basis_kl_mean": 0.018303363362884077,
      "surgical": true,
      "n_mc": 32
    },
    "3": {
      "mc_kl_mean": 0.8111706316157403,
      "mc_kl_std": 0.2521093447477377,
      "basis_kl": [
        1.1916219925499085,
        0.9972057451689292,
        0.155682818351653
      ],
      "basis_kl_mean": 0.7815035186901637,
      "surgical": false,
      "n_mc": 32
    },
    "4": {
      "mc_kl_mean": 0.01661037823676706,
      "mc_kl_std": 0.001990576525476942,
      "basis_kl": [
        0.01586627698129099,
        0.01695312915367605,
        0.01501547489170545,
        0.019666684868989995
      ],
      "basis_kl_mean": 0.016875391473915622,
      "surgical": true,
      "n_mc": 32
    }
  }
}