{
  "model_name": "qwen-2.5-14b-instruct",
  "n_retain_prompts": 100,
  "kl_threshold": 0.1,
  "n_mc_kl": 32,
  "logit_window": 30,
  "cone_dims": {
    "1": {
      "mc_kl_mean": 0.194323725407273,
      "mc_kl_std": 0.00011853444045455309,
      "basis_kl": [
        0.1943450148212514
      ],
      "basis_kl_mean": 0.1943450148212514,
      "surgical": false,
      "n_mc": 32
    },
    "2": {
      "mc_kl_mean": 0.009355396454249255,
      "mc_kl_std": 0.0022927247636303416,
      "basis_kl": [
        0.011245305738661036,
        0.011366189916164572
      ],
      "basis_kl_mean": 0.011305747827412803,
      "surgical": true,
      "n_mc": 32
    },
    "3": {
      "mc_kl_mean": 0.026763427394944694,
      "mc_kl_std": 0.021414481830970503,
      "basis_kl": [
        0.020192838860167053,
        0.03457271927318115,
        0.18754939718608327
      ],
      "basis_kl_mean": 0.08077165177314383,
      "surgical": true,
      "n_mc": 32
    },
    "4": {
      "mc_kl_mean": 0.009983652344855015,
      "mc_kl_std": 0.0028953384572749244,
      "basis_kl": [
        0.021771379197592124,
        0.009022035031218002,
        0.012218471397263096,
        0.008705965109801815
      ],
      "basis_kl_mean": 0.01292946268396876,
      "surgical": true,
      "n_mc": 32
    }
  }
}