{
  "model_name": "qwen-2.5-7b-instruct",
  "n_retain_prompts": 100,
  "kl_threshold": 0.1,
  "n_mc_kl": 32,
  "logit_window": 30,
  "cone_dims": {
    "1": {
      "mc_kl_mean": 0.29223101200125245,
      "mc_kl_std": 6.13737085854584e-05,
      "basis_kl": [
        0.2922199889577855
      ],
      "basis_kl_mean": 0.2922199889577855,
      "surgical": false,
      "n_mc": 32
    },
    "2": {
      "mc_kl_mean": 0.03692767004596205,
      "mc_kl_std": 0.009656170784479568,
      "basis_kl": [
        0.03258180754578561,
        0.046489310156537046
      ],
      "basis_kl_mean": 0.03953555885116133,
      "surgical": true,
      "n_mc": 32
    },
    "3": {
      "mc_kl_mean": 0.20187801322852497,
      "mc_kl_std": 0.026170155437632844,
      "basis_kl": [
        0.17128331724881063,
        0.21441626573516848,
        0.19782224193038042
      ],
      "basis_kl_mean": 0.19450727497145318,
      "surgical": false,
      "n_mc": 32
    },
    "4": {
      "mc_kl_mean": 0.0442844992703008,
      "mc_kl_std": 0.03554283758210541,
      "basis_kl": [
        0.022583698703699067,
        0.0366489828465876,
        0.14617566656779957,
        0.16531124463801886
      ],
      "basis_kl_mean": 0.09267989818902628,
      "surgical": true,
      "n_mc": 32
    }
  }
}