{
  "model_name": "qwen-2.5-1.5b-instruct",
  "n_retain_prompts": 100,
  "kl_threshold": 0.1,
  "n_mc_kl": 32,
  "logit_window": 30,
  "cone_dims": {
    "1": {
      "mc_kl_mean": 0.04084470601190375,
      "mc_kl_std": 1.2122894441373582e-08,
      "basis_kl": [
        0.04084471130151785
      ],
      "basis_kl_mean": 0.04084471130151785,
      "surgical": true,
      "n_mc": 32
    },
    "2": {
      "mc_kl_mean": 0.004953562141766478,
      "mc_kl_std": 0.0005563134323692794,
      "basis_kl": [
        0.004986423361920947,
        0.0036327372853875136
      ],
      "basis_kl_mean": 0.0043095803236542305,
      "surgical": true,
      "n_mc": 32
    },
    "3": {
      "mc_kl_mean": 0.005068928099496987,
      "mc_kl_std": 0.001031401424253833,
      "basis_kl": [
        0.006028876419467008,
        0.005821819864932893,
        0.007269107432239404
      ],
      "basis_kl_mean": 0.006373267905546435,
      "surgical": true,
      "n_mc": 32
    },
    "4": {
      "mc_kl_mean": 0.005649591103786548,
      "mc_kl_std": 0.0017246633495697614,
      "basis_kl": [
        0.003915633389275448,
        0.006017598017592929,
        0.0038454498855485203,
        0.00576066082524778
      ],
      "basis_kl_mean": 0.0048848355294161695,
      "surgical": true,
      "n_mc": 32
    }
  }
}