{
  "model_name": "qwen-2.5-1.5b-instruct",
  "n_retain_prompts": 100,
  "kl_threshold": 0.1,
  "n_mc_kl": 32,
  "logit_window": 30,
  "cone_dims": {
    "1": {
      "mc_kl_mean": 0.04232146256217484,
      "mc_kl_std": 2.067559166882672e-08,
      "basis_kl": [
        0.0423214678526374
      ],
      "basis_kl_mean": 0.0423214678526374,
      "surgical": true,
      "n_mc": 32
    },
    "2": {
      "mc_kl_mean": 0.007697041121146191,
      "mc_kl_std": 0.0006887484134094474,
      "basis_kl": [
        0.007218365846577705,
        0.005533670899331005
      ],
      "basis_kl_mean": 0.006376018372954355,
      "surgical": true,
      "n_mc": 32
    },
    "3": {
      "mc_kl_mean": 0.00852184367066185,
      "mc_kl_std": 0.002919340689459266,
      "basis_kl": [
        0.00786915676555765,
        0.008192202989012689,
        0.014731864169440936
      ],
      "basis_kl_mean": 0.010264407974670426,
      "surgical": true,
      "n_mc": 32
    },
    "4": {
      "mc_kl_mean": 0.0077178627128938835,
      "mc_kl_std": 0.0028264373617707538,
      "basis_kl": [
        0.006249231936329027,
        0.01008172464202835,
        0.006968183622292002,
        0.010114079479307099
      ],
      "basis_kl_mean": 0.008353304919989119,
      "surgical": true,
      "n_mc": 32
    }
  }
}