{
  "schema_version": "1.0",
  "produced_by": "experiment_5",
  "timestamp": "2026-05-28T01:11:26.786749",
  "n_retain_prompts": 100,
  "kl_threshold": 0.1,
  "models": {
    "qwen-2.5-1.5b-instruct": {
      "cone_dims": {
        "1": {
          "mc_kl_mean": 0.04232146256217484,
          "mc_kl_std": 2.067559166882672e-08,
          "basis_kl": [
            0.0423214678526374
          ],
          "basis_kl_mean": 0.0423214678526374,
          "surgical": true,
          "n_mc": 32
        },
        "2": {
          "mc_kl_mean": 0.007697041121146191,
          "mc_kl_std": 0.0006887484134094474,
          "basis_kl": [
            0.007218365846577705,
            0.005533670899331005
          ],
          "basis_kl_mean": 0.006376018372954355,
          "surgical": true,
          "n_mc": 32
        },
        "3": {
          "mc_kl_mean": 0.00852184367066185,
          "mc_kl_std": 0.002919340689459266,
          "basis_kl": [
            0.00786915676555765,
            0.008192202989012689,
            0.014731864169440936
          ],
          "basis_kl_mean": 0.010264407974670426,
          "surgical": true,
          "n_mc": 32
        },
        "4": {
          "mc_kl_mean": 0.0077178627128938835,
          "mc_kl_std": 0.0028264373617707538,
          "basis_kl": [
            0.006249231936329027,
            0.01008172464202835,
            0.006968183622292002,
            0.010114079479307099
          ],
          "basis_kl_mean": 0.008353304919989119,
          "surgical": true,
          "n_mc": 32
        }
      },
      "all_surgical": true,
      "worst_dim": 1,
      "worst_kl": 0.04232146256217484
    },
    "gemma-2-2b-it": {
      "cone_dims": {
        "1": {
          "mc_kl_mean": 0.027671130403552905,
          "mc_kl_std": 0.0,
          "basis_kl": [
            0.027671130403552905
          ],
          "basis_kl_mean": 0.027671130403552905,
          "surgical": true,
          "n_mc": 32
        },
        "2": {
          "mc_kl_mean": 0.004226299107622875,
          "mc_kl_std": 0.0013155987652671338,
          "basis_kl": [
            0.004492152554233219,
            0.00203362425449713
          ],
          "basis_kl_mean": 0.0032628884043651744,
          "surgical": true,
          "n_mc": 32
        },
        "3": {
          "mc_kl_mean": 0.00731201041959265,
          "mc_kl_std": 0.0013991691932202467,
          "basis_kl": [
            0.002885693141443167,
            0.004757208900690424,
            0.004514732015365556
          ],
          "basis_kl_mean": 0.004052544685833049,
          "surgical": true,
          "n_mc": 32
        },
        "4": {
          "mc_kl_mean": 0.0118021843583782,
          "mc_kl_std": 0.0049412910845285435,
          "basis_kl": [
            0.012234155095467323,
            0.012151488548759339,
            0.0032566146284407935,
            0.00436931940837912
          ],
          "basis_kl_mean": 0.008002894420261645,
          "surgical": true,
          "n_mc": 32
        }
      },
      "all_surgical": true,
      "worst_dim": 1,
      "worst_kl": 0.027671130403552905
    },
    "gemma-2-9b-it": {
      "cone_dims": {
        "1": {
          "mc_kl_mean": 0.048048647513542014,
          "mc_kl_std": 0.0,
          "basis_kl": [
            0.048048647513542014
          ],
          "basis_kl_mean": 0.048048647513542014,
          "surgical": true,
          "n_mc": 32
        },
        "2": {
          "mc_kl_mean": 0.0010094875325570895,
          "mc_kl_std": 0.0001160746023659843,
          "basis_kl": [
            0.0007664942480806367,
            0.0008949274028967138
          ],
          "basis_kl_mean": 0.0008307108254886753,
          "surgical": true,
          "n_mc": 32
        },
        "3": {
          "mc_kl_mean": 0.0008662750145516303,
          "mc_kl_std": 0.00019268719970477966,
          "basis_kl": [
            0.0007850102423914463,
            0.000628634786747142,
            0.0012514139052922863
          ],
          "basis_kl_mean": 0.0008883529781436248,
          "surgical": true,
          "n_mc": 32
        },
        "4": {
          "mc_kl_mean": 0.0020911897830943934,
          "mc_kl_std": 0.0007215432514901828,
          "basis_kl": [
            0.0012034300767059353,
            0.001320400691886439,
            0.002316640881542169,
            0.0011838473151905152
          ],
          "basis_kl_mean": 0.0015060797413312646,
          "surgical": true,
          "n_mc": 32
        }
      },
      "all_surgical": true,
      "worst_dim": 1,
      "worst_kl": 0.048048647513542014
    },
    "llama-3.1-8b-instruct": {
      "cone_dims": {
        "1": {
          "mc_kl_mean": 0.28184039222567453,
          "mc_kl_std": 0.0,
          "basis_kl": [
            0.28184039222567453
          ],
          "basis_kl_mean": 0.28184039222567453,
          "surgical": false,
          "n_mc": 32
        },
        "2": {
          "mc_kl_mean": 0.017255224815770794,
          "mc_kl_std": 0.002313892099662566,
          "basis_kl": [
            0.022706363395305292,
            0.013900363330462859
          ],
          "basis_kl_mean": 0.018303363362884077,
          "surgical": true,
          "n_mc": 32
        },
        "3": {
          "mc_kl_mean": 0.8111706316157403,
          "mc_kl_std": 0.2521093447477377,
          "basis_kl": [
            1.1916219925499085,
            0.9972057451689292,
            0.155682818351653
          ],
          "basis_kl_mean": 0.7815035186901637,
          "surgical": false,
          "n_mc": 32
        },
        "4": {
          "mc_kl_mean": 0.01661037823676706,
          "mc_kl_std": 0.001990576525476942,
          "basis_kl": [
            0.01586627698129099,
            0.01695312915367605,
            0.01501547489170545,
            0.019666684868989995
          ],
          "basis_kl_mean": 0.016875391473915622,
          "surgical": true,
          "n_mc": 32
        }
      },
      "all_surgical": false,
      "worst_dim": 3,
      "worst_kl": 0.8111706316157403
    },
    "qwen-2.5-14b-instruct": {
      "cone_dims": {
        "1": {
          "mc_kl_mean": 0.194323725407273,
          "mc_kl_std": 0.00011853444045455309,
          "basis_kl": [
            0.1943450148212514
          ],
          "basis_kl_mean": 0.1943450148212514,
          "surgical": false,
          "n_mc": 32
        },
        "2": {
          "mc_kl_mean": 0.009355396454249255,
          "mc_kl_std": 0.0022927247636303416,
          "basis_kl": [
            0.011245305738661036,
            0.011366189916164572
          ],
          "basis_kl_mean": 0.011305747827412803,
          "surgical": true,
          "n_mc": 32
        },
        "3": {
          "mc_kl_mean": 0.026763427394944694,
          "mc_kl_std": 0.021414481830970503,
          "basis_kl": [
            0.020192838860167053,
            0.03457271927318115,
            0.18754939718608327
          ],
          "basis_kl_mean": 0.08077165177314383,
          "surgical": true,
          "n_mc": 32
        },
        "4": {
          "mc_kl_mean": 0.009983652344855015,
          "mc_kl_std": 0.0028953384572749244,
          "basis_kl": [
            0.021771379197592124,
            0.009022035031218002,
            0.012218471397263096,
            0.008705965109801815
          ],
          "basis_kl_mean": 0.01292946268396876,
          "surgical": true,
          "n_mc": 32
        }
      },
      "all_surgical": false,
      "worst_dim": 1,
      "worst_kl": 0.194323725407273
    },
    "qwen-2.5-7b-instruct": {
      "cone_dims": {
        "1": {
          "mc_kl_mean": 0.29223101200125245,
          "mc_kl_std": 6.13737085854584e-05,
          "basis_kl": [
            0.2922199889577855
          ],
          "basis_kl_mean": 0.2922199889577855,
          "surgical": false,
          "n_mc": 32
        },
        "2": {
          "mc_kl_mean": 0.03692767004596205,