{
  "schema_version": "1.0",
  "produced_by": "experiment_4",
  "timestamp": "2026-05-28T17:03:36.070322",
  "models": {
    "qwen-2.5-1.5b-instruct": {
      "cosine_similarities": {
        "1": {
          "v1": 0.9318646192550659
        },
        "2": {
          "v1": 0.032028984278440475,
          "v2": 0.04983006417751312
        },
        "3": {
          "v1": -0.02982243150472641,
          "v2": -0.0005686520016752183,
          "v3": 0.014398228377103806
        },
        "4": {
          "v1": 0.006298195105046034,
          "v2": -0.029969457536935806,
          "v3": 0.01870553009212017,
          "v4": 0.050440236926078796
        }
      },
      "reference_cone_dim": 4,
      "v1_dim_alignment": 0.006298195105046034,
      "max_other_alignment": 0.050440236926078796,
      "interpretation": "no_dim_alignment"
    },
    "qwen-2.5-7b-instruct": {
      "cosine_similarities": {
        "1": {
          "v1": 0.8680049180984497
        },
        "2": {
          "v1": 0.07922493666410446,
          "v2": -0.11856786906719208
        },
        "3": {
          "v1": 0.030352391302585602,
          "v2": -0.06977275758981705,
          "v3": -0.05690547451376915
        },
        "4": {
          "v1": -0.012257388792932034,
          "v2": -0.0625460222363472,
          "v3": -0.06149797886610031,
          "v4": 0.010640318505465984
        }
      },
      "reference_cone_dim": 4,
      "v1_dim_alignment": 0.012257388792932034,
      "max_other_alignment": 0.0625460222363472,
      "interpretation": "no_dim_alignment"
    },
    "qwen-2.5-14b-instruct": {
      "cosine_similarities": {
        "1": {
          "v1": 0.8163386583328247
        },
        "2": {
          "v1": 0.10572158545255661,
          "v2": 0.06633520126342773
        },
        "3": {
          "v1": 0.09500612318515778,
          "v2": 0.0410660021007061,
          "v3": -0.023754581809043884
        },
        "4": {
          "v1": 0.059881728142499924,
          "v2": -0.005205581430345774,
          "v3": -0.04357444867491722,
          "v4": 0.021056579425930977
        }
      },
      "reference_cone_dim": 4,
      "v1_dim_alignment": 0.059881728142499924,
      "max_other_alignment": 0.04357444867491722,
      "interpretation": "no_dim_alignment"
    },
    "gemma-2-2b-it": {
      "cosine_similarities": {
        "1": {
          "v1": 0.9049112796783447
        },
        "2": {
          "v1": 0.08189128339290619,
          "v2": 0.07612926512956619
        },
        "3": {
          "v1": 0.025577060878276825,
          "v2": -0.1423209309577942,
          "v3": -0.047568708658218384
        },
        "4": {
          "v1": -0.03092424012720585,
          "v2": -0.09629564732313156,
          "v3": -0.011629538610577583,
          "v4": 0.06986518949270248
        }
      },
      "reference_cone_dim": 4,
      "v1_dim_alignment": 0.03092424012720585,
      "max_other_alignment": 0.09629564732313156,
      "interpretation": "no_dim_alignment"
    },
    "gemma-2-9b-it": {
      "cosine_similarities": {
        "1": {
          "v1": 0.8603742122650146
        },
        "2": {
          "v1": 0.06413747370243073,
          "v2": 0.05319351330399513
        },
        "3": {
          "v1": 0.09085401147603989,
          "v2": -0.024103127419948578,
          "v3": 0.015471817925572395
        },
        "4": {
          "v1": 0.0844903364777565,
          "v2": -0.017418330535292625,
          "v3": 0.017386917024850845,
          "v4": 0.00933967623859644
        }
      },
      "reference_cone_dim": 4,
      "v1_dim_alignment": 0.0844903364777565,
      "max_other_alignment": 0.017418330535292625,
      "interpretation": "no_dim_alignment"
    },
    "llama-3.1-8b-instruct": {
      "cosine_similarities": {
        "1": {
          "v1": 0.841931164264679
        },
        "2": {
          "v1": 0.3453766405582428,
          "v2": -0.14231690764427185
        },
        "3": {
          "v1": 0.28743788599967957,
          "v2": -0.1313471645116806,
          "v3": -0.033673714846372604
        },
        "4": {
          "v1": 0.08793279528617859,
          "v2": -0.03696557134389877,
          "v3": 0.009524475783109665,
          "v4": 0.040864452719688416
        }
      },
      "reference_cone_dim": 4,
      "v1_dim_alignment": 0.08793279528617859,
      "max_other_alignment": 0.040864452719688416,
      "interpretation": "no_dim_alignment"
    }
  }
}
